source,KEY,STATE,STATE KEY,item_code,display_name,master category,KVI / NKVI TAG
FMCGF,JH2405,JH,1,2405,Aashirvaad Shudh Chakki Atta 5 Kg,STPLS,Super KVI
FMCGF,CG2405,CG,3,2405,Aashirvaad Shudh Chakki Atta 5 Kg,STPLS,Super KVI
FMCGF,WB2405,WB,2,2405,Aashirvaad Shudh Chakki Atta 5 Kg,STPLS,Super KVI
FMCGF,CG83332,CG,3,83332,Abba Huzur Jsr Lachkari Kolam Rice | 1Kg | Pack of 1,STPLS,Super KVI
FMCGF,JH104239,JH,1,104239,Almond Badaam Popular 500g,STPLS,KVI
FMCGF,WB104239,WB,2,104239,Almond Badaam Popular 500g,STPLS,KVI
FMCGF,CG104239,CG,3,104239,Almond Badaam Popular 500g,STPLS,KVI
FMCGF,CG85877,CG,3,85877,Amul Cow Ghee 500ml Jar,STPLS,KVI
FMCGF,CG927,CG,3,927,Amul Pure Ghee 1 Ltr Tetra,STPLS,KVI
FMCGF,WB927,WB,2,927,Amul Pure Ghee 1 Ltr Tetra,STPLS,KVI
FMCGF,JH930,JH,1,930,Amul Pure Ghee Pouch 500ml,STPLS,KVI
FMCGF,JH82190,JH,1,82190,Baba Premium Usna Rice | 26 Kgs,STPLS,KVI
FMCGF,WB96144,WB,2,96144,Baskati Standard Rice | 1Kg | Loose | Pack of 1,STPLS,KVI
FMCGF,CG95464,CG,3,95464,Basmati Rice Loose 1 Kg,STPLS,KVI
FMCGF,JH9661,JH,1,9661,Basmati Sella Loose Rice 1 Kg,STPLS,KVI
FMCGF,JH95357,JH,1,95357,Brown Chana Small 1 Kg Loose,STPLS,Super KVI
FMCGF,CG99894,CG,3,99894,Brown Jaggery Loose 1kg,STPLS,KVI
FMCGF,JH99894,JH,1,99894,Brown Jaggery Loose 1kg,STPLS,KVI
FMCGF,WB99894,WB,2,99894,Brown Jaggery Loose 1kg,STPLS,KVI
FMCGF,JH93937,JH,1,93937,Chana Dal Loose 1 Kg,STPLS,Super KVI
FMCGF,WB93937,WB,2,93937,Chana Dal Loose 1 Kg,STPLS,Super KVI
FMCGF,CG93937,CG,3,93937,Chana Dal Loose 1 Kg,STPLS,Super KVI
FMCGF,CG95368,CG,3,95368,Chura Poha Loose 1 Kg,STPLS,Super KVI
FMCGF,JH95368,JH,1,95368,Chura Poha Loose 1 Kg,STPLS,KVI
FMCGF,WB95368,WB,2,95368,Chura Poha Loose 1 Kg,STPLS,KVI
FMCGF,JH103734,JH,1,103734,Crunchi Waves Makhana Regular| 250g | Pack of 1,STPLS,KVI
FMCGF,WB103734,WB,2,103734,Crunchi Waves Makhana Regular| 250g | Pack of 1,STPLS,KVI
FMCGF,WB103531,WB,2,103531,Dainik Minikit Rice | 26kg | Pack of 1,STPLS,KVI
FMCGF,JH682,JH,1,682,Dhaniya Gota Sabut - 250g,STPLS,KVI
FMCGF,WB682,WB,2,682,Dhaniya Gota Sabut - 250g,STPLS,KVI
FMCGF,WB10696,WB,2,10696,Dhara Kachi Ghani Mustard Oil 1 Ltr Pouch,STPLS,Super KVI
FMCGF,CG10696,CG,3,10696,Dhara Kachi Ghani Mustard Oil 1 Ltr Pouch,STPLS,KVI
FMCGF,WB12916,WB,2,12916,Emami Healthy And Tasty Refined Rice Bran Oil - 730g,STPLS,KVI
FMCGF,CG2537,CG,3,2537,Everest Turmeric Powder 200g,STPLS,KVI
FMCGF,CG2621,CG,3,2621,Fortune Besan 500g,STPLS,KVI
FMCGF,WB2704,WB,2,2704,Fortune Premium Kachi ghani Pure Mustard Oil 1 Ltr Pouch,STPLS,Super KVI
FMCGF,JH2705,JH,1,2705,Fortune Pure Mustard Oil | 870g Pouch | Pack of 1,STPLS,KVI
FMCGF,CG2694,CG,3,2694,Fortune Refined Sunflower Oil | 800g | Pack of 1,STPLS,Super KVI
FMCGF,WB2694,WB,2,2694,Fortune Refined Sunflower Oil | 800g | Pack of 1,STPLS,KVI
FMCGF,JH2694,JH,1,2694,Fortune Refined Sunflower Oil | 800g | Pack of 1,STPLS,KVI
FMCGF,CG2714,CG,3,2714,Fortune Rice Bran Oil - 750g,STPLS,KVI
FMCGF,JH2714,JH,1,2714,Fortune Rice Bran Oil - 750g,STPLS,KVI
FMCGF,JH2681,JH,1,2681,Fortune Soya Health Refined Soyabean Oil | 750g | Pack of 1,STPLS,KVI
FMCGF,CG76848,CG,3,76848,Fortune Soya Plus Oil | 840g Pouch | Pack of 1,STPLS,Super KVI
FMCGF,WB42934,WB,2,42934,Ganesh Chana Besan 500g,STPLS,KVI
FMCGF,WB13302,WB,2,13302,Ganesh Sooji 500g,STPLS,KVI
FMCGF,CG690,CG,3,690,Golki Kaali Mirch 100g,STPLS,KVI
FMCGF,JH690,JH,1,690,Golki Kaali Mirch 100g,STPLS,KVI
FMCGF,JH8691,JH,1,8691,Gota Garam Masala 50g,STPLS,KVI
FMCGF,WB93959,WB,2,93959,Govind Bhog Raw Rice Loose 1Kg,STPLS,Super KVI
FMCGF,WB4774,WB,2,4774,Gowardhan Cow Ghee Jar - 500ml,STPLS,KVI
FMCGF,CG686,CG,3,686,Green Elaichi 25g,STPLS,KVI
FMCGF,JH686,JH,1,686,Green Elaichi 25g,STPLS,KVI
FMCGF,WB686,WB,2,686,Green Elaichi 25g,STPLS,KVI
FMCGF,CG28473,CG,3,28473,Hareli Refined Rice Bran Oil 1 Ltr,STPLS,Super KVI
FMCGF,JH2698,JH,1,2698,Hathi Kacchi Ghani Mustard Oil 1 Ltr,STPLS,Super KVI
FMCGF,CG95453,CG,3,95453,HMT Kolam Rice Loose 1 Kg,STPLS,KVI
FMCGF,JH2634,JH,1,2634,Jalan Chana Besan 500g,STPLS,KVI
FMCGF,JH700,JH,1,700,Jeera Sabut 250g,STPLS,Super KVI
FMCGF,CG700,CG,3,700,Jeera Sabut 250g,STPLS,Super KVI
FMCGF,WB700,WB,2,700,Jeera Sabut 250g,STPLS,KVI
FMCGF,CG95373,CG,3,95373,Kabuli Chana Loose - 1Kg,STPLS,KVI
FMCGF,JH95373,JH,1,95373,Kabuli Chana Loose - 1Kg,STPLS,KVI
FMCGF,WB95373,WB,2,95373,Kabuli Chana Loose - 1Kg,STPLS,KVI
FMCGF,JH104240,JH,1,104240,Kaju Cashew Popular 500g,STPLS,KVI
FMCGF,WB104240,WB,2,104240,Kaju Cashew Popular 500g,STPLS,KVI
FMCGF,CG104240,CG,3,104240,Kaju Cashew Popular 500g,STPLS,KVI
FMCGF,CG95466,CG,3,95466,Kala Chana Loose 1 Kg,STPLS,Super KVI
FMCGF,WB95466,WB,2,95466,Kala Chana Loose 1 Kg,STPLS,KVI
FMCGF,CG67850,CG,3,67850,Kalimooch Rice Loose 1Kg,STPLS,Super KVI
FMCGF,CG85006,CG,3,85006,Khatri Chilli Powder 200g,STPLS,KVI
FMCGF,CG85003,CG,3,85003,Khatri Dhaniya Powder 200g,STPLS,KVI
FMCGF,CG85633,CG,3,85633,Khatri Haldi Powder 200g,STPLS,KVI
FMCGF,CG10015,CG,3,10015,Kings Soyabean Oil Pouch | 750g | Pack of 1,STPLS,Super KVI
FMCGF,WB10015,WB,2,10015,Kings Soyabean Oil Pouch | 750g | Pack of 1,STPLS,Super KVI
FMCGF,CG68173,CG,3,68173,Kirti Gold Refined Soyabean Oil 1Ltr,STPLS,Super KVI
FMCGF,JH104241,JH,1,104241,Kismis Raisin Popular 500g,STPLS,KVI
FMCGF,WB104241,WB,2,104241,Kismis Raisin Popular 500g,STPLS,KVI
FMCGF,CG104241,CG,3,104241,Kismis Raisin Popular 500g,STPLS,KVI
FMCGF,CG68178,CG,3,68178,Lal Gulab Mustard Oil 1 Ltr,STPLS,KVI
FMCGF,JH765,JH,1,765,Lal Mirch Khada With Stick 100g,STPLS,KVI
FMCGF,WB713,WB,2,713,Lal Mirch Khada Without Stick 100g,STPLS,KVI
FMCGF,WB81590,WB,2,81590,Lalbaba Superior Miniket Rice 26 Kg,STPLS,KVI
FMCGF,JH10017,JH,1,10017,Mahakosh Soyabean Oil | 750g | Pack of 1,STPLS,Super KVI
FMCGF,CG10017,CG,3,10017,Mahakosh Soyabean Oil | 750g | Pack of 1,STPLS,KVI
FMCGF,CG8689,CG,3,8689,Maida 1 Kg,STPLS,KVI
FMCGF,JH95370,JH,1,95370,Maida Loose | 1kg,STPLS,KVI
FMCGF,WB95370,WB,2,95370,Maida Loose | 1kg | Pack of 1,STPLS,Super KVI
FMCGF,CG93935,CG,3,93935,Masoor Dal Loose 1 Kg,STPLS,KVI
FMCGF,JH95358,JH,1,95358,Masoor Malka Red Whole 1 Kg Loose,STPLS,Super KVI
FMCGF,WB95358,WB,2,95358,Masoor Malka Red Whole 1 Kg Loose,STPLS,Super KVI
FMCGF,JH90233,JH,1,90233,Miniket Boiled Rice 1Kg Loose,STPLS,Super KVI
FMCGF,WB96160,WB,2,96160,Miniket Regular Rice Loose | 1kg,STPLS,Super KVI
FMCGF,WB93936,WB,2,93936,Moong Dal Yellow 1 Kg Loose,STPLS,Super KVI
FMCGF,CG93936,CG,3,93936,Moong Dal Yellow 1 Kg Loose,STPLS,KVI
FMCGF,JH93936,JH,1,93936,Moong Dal Yellow 1 Kg Loose,STPLS,KVI
FMCGF,CG10552,CG,3,10552,Mota Sounf 100g,STPLS,KVI
FMCGF,JH10552,JH,1,10552,Mota Sounf 100g,STPLS,KVI
FMCGF,CG751,CG,3,751,Mungfali Peanut White 500g,STPLS,KVI
FMCGF,JH8552,JH,1,8552,Panchkanya Sooji 500g,STPLS,KVI
FMCGF,JH8445,JH,1,8445,Parrot Haldi Powder 100g,STPLS,KVI
FMCGF,CG77735,CG,3,77735,Pawan Brand Makhana | 250g | Pack of 1,STPLS,KVI
FMCGF,WB96335,WB,2,96335,Posta Loose 1Kg,STPLS,Super KVI
FMCGF,JH68222,JH,1,68222,Premium Usna Loose Rice 1Kg,STPLS,Super KVI
FMCGF,CG81726,CG,3,81726,Raja Rani Lachkari Kolam Dubar Rice 30 Kg,STPLS,KVI
FMCGF,WB96145,WB,2,96145,Ratna Boiled Rice Loose 1Kg,STPLS,Super KVI
FMCGF,JH10706,JH,1,10706,Sachamoti Sabudana 500g,STPLS,KVI
FMCGF,JH8285,JH,1,8285,Saloni Kachchi Ghani Mustard Oil 1 Ltr,STPLS,Super KVI
FMCGF,JH9878,JH,1,9878,Shree Bhajan Whole Wheat Atta 5 Kg,STPLS,Super KVI
FMCGF,WB96133,WB,2,96133,Sona Moong Dal Loose 1 Kg,STPLS,KVI
FMCGF,JH93951,JH,1,93951,Sonam Steamed Loose Rice,STPLS,KVI
FMCGF,JH10103,JH,1,10103,Steam Katarni Loose Rice,STPLS,Super KVI
FMCGF,CG23319,CG,3,23319,Sunder Sakhi Suji | 500g | Pack of 1,STPLS,KVI
FMCGF,WB28122,WB,2,28122,Sunrise Pure Haldi Powder 200g,STPLS,KVI
FMCGF,JH93934,JH,1,93934,Toor Dal Loose | 1Kg,STPLS,Super KVI
FMCGF,CG93934,CG,3,93934,Toor Dal Loose | 1Kg,STPLS,Super KVI
FMCGF,WB93934,WB,2,93934,Toor Dal Loose | 1Kg,STPLS,Super KVI
FMCGF,WB96272,WB,2,96272,Tulsi Bhog Rice Loose 1 Kg,STPLS,KVI
FMCGF,WB95356,WB,2,95356,Wheat Atta 1 Kg Loose,STPLS,Super KVI
FMCGF,JH95356,JH,1,95356,Wheat Atta 1 Kg Loose,STPLS,Super KVI
FMCGF,CG95356,CG,3,95356,Wheat Atta 1 Kg Loose,STPLS,Super KVI
FMCGF,JH90513,JH,1,90513,White Crystal Sugar | 1 Kg | Pack of 1,STPLS,Super KVI
FMCGF,WB90513,WB,2,90513,White Crystal Sugar | 1 Kg | Pack of 1,STPLS,Super KVI
FMCGF,CG90513,CG,3,90513,White Crystal Sugar | 1 Kg | Pack of 1,STPLS,Super KVI
FMCGF,CG79085,CG,3,79085,White Platinum Super Rice 26 Kg,STPLS,KVI
FMCGF,WB95367,WB,2,95367,Whole Grain Basmati Rice 1 Kg Loose,STPLS,KVI
FMCGF,JH95367,JH,1,95367,Whole Grain Basmati Rice 1 Kg Loose,STPLS,KVI
FMCGF,JH4286,JH,1,4286,Surf Excel Easy Wash Detergent Powder | 1 Kg | Pack of 1,FMCGNF,KVI
FMCGF,JH838,JH,1,838,Active Wheel 2 in 1 Clean & Fresh Detergent Powder 1kg,FMCGNF,KVI
FMCGF,JH8080,JH,1,8080,Surf Excel Easy Wash 500g,FMCGNF,KVI
FMCGF,CG4286,CG,3,4286,Surf Excel Easy Wash Detergent Powder | 1 Kg | Pack of 1,FMCGNF,KVI
FMCGF,WB4286,WB,2,4286,Surf Excel Easy Wash Detergent Powder | 1 Kg | Pack of 1,FMCGNF,KVI
FMCGF,WB14334,WB,2,14334,Sunlight Detergent Powder 1 kg,FMCGNF,KVI
FMCGF,WB8080,WB,2,8080,Surf Excel Easy Wash 500g,FMCGNF,KVI
FMCGF,JH5056,JH,1,5056,Surf Excel Easy Wash Detergent Powder 1.5 Kg,FMCGNF,KVI
FMCGF,CG10588,CG,3,10588,Ghadi Detergent Powder 1 Kg,FMCGNF,KVI
FMCGF,CG22682,CG,3,22682,Ghadi Detergent Powder 3 Kg,FMCGNF,KVI
FMCGF,WB76434,WB,2,76434,Good Knight Gold Flash Mosquito Repellent Refill 45ml 2N,FMCGNF,KVI
FMCGF,JH840,JH,1,840,Active Wheel 2in1 Detergent Powder 500g,FMCGNF,KVI
FMCGF,JH8328,JH,1,8328,Harpic Power Plus Original Toilet Cleaner 500ml,FMCGNF,KVI
FMCGF,JH22682,JH,1,22682,Ghadi Detergent Powder 3 Kg,FMCGNF,KVI
FMCGF,JH86569,JH,1,86569,Lux Ultimate Glow Jasmine Vitamin C+E Soap 100g*4N,FMCGNF,KVI
FMCGF,WB96128,WB,2,96128,Safed Detergent Powder Pouch 1 Kg,FMCGNF,KVI
FMCGF,CG838,CG,3,838,Active Wheel 2 in 1 Clean & Fresh Detergent Powder 1kg,FMCGNF,KVI
FMCGF,CG8080,CG,3,8080,Surf Excel Easy Wash 500g,FMCGNF,KVI
FMCGF,WB17443,WB,2,17443,Sunlight Detergent Powder Pouch 500g,FMCGNF,KVI
FMCGF,JH10588,JH,1,10588,Ghadi Detergent Powder 1 Kg,FMCGNF,KVI
FMCGF,JH15846,JH,1,15846,Surf Excel Detergent Bar | 200g x 4 | Pack of 4,FMCGNF,KVI
FMCGF,JH23525,JH,1,23525,Sensodyne Sensitive Soft Toothbrush | Buy 2 Get 1 Free | Pack of 3,FMCGNF,KVI
FMCGF,WB5026,WB,2,5026,Sensodyne Toothpaste Fresh Gel 150g,FMCGNF,KVI
FMCGF,WB8328,WB,2,8328,Harpic Power Plus Original Toilet Cleaner 500ml,FMCGNF,KVI
FMCGF,JH1513,JH,1,1513,Dettol Original Soap Bar 5 X 100g Set 4+1,FMCGNF,KVI
FMCGF,WB8063,WB,2,8063,Harpic Power Plus 10X Max Toilet Cleaner 900ml,FMCGNF,KVI
FMCGF,JH82422,JH,1,82422,Stayfree Secure Cottony Extra Large 18N,FMCGNF,KVI
FMCGF,JH8063,JH,1,8063,Harpic Power Plus 10X Max Toilet Cleaner 900ml,FMCGNF,KVI
FMCGF,JH1363,JH,1,1363,Colgate Dental Cream Strong Teeth Toothpaste 200g,FMCGNF,KVI
FMCGF,JH23642,JH,1,23642,Parachute Coconut Oil Bottle | 600ml | Pack of 1,FMCGNF,KVI
FMCGF,WB5056,WB,2,5056,Surf Excel Easy Wash Detergent Powder 1.5 Kg,FMCGNF,KVI
FMCGF,JH5026,JH,1,5026,Sensodyne Toothpaste Fresh Gel 150g,FMCGNF,KVI
FMCGF,WB87465,WB,2,87465,Good Knight Gold Flash Liquid Vapouriser Refill 1N,FMCGNF,KVI
FMCGF,WB4315,WB,2,4315,Vim Dish Wash Bar Best Ever Tub | 500g | Pack of 1,FMCGNF,KVI
FMCGF,JH5024,JH,1,5024,Sensodyne Repair & Protect 100g,FMCGNF,KVI
FMCGF,CG8328,CG,3,8328,Harpic Power Plus Original Toilet Cleaner 500ml,FMCGNF,KVI
FMCGF,JH4315,JH,1,4315,Vim Dish Wash Bar Best Ever Tub | 500g | Pack of 1,FMCGNF,KVI
FMCGF,JH5185,JH,1,5185,Surf Excel Easy Wash 3 Kg,FMCGNF,KVI
FMCGF,JH11272,JH,1,11272,Colgate Strong Teeth Toothpaste (Free 15% Extra) 100 g,FMCGNF,KVI
FMCGF,WB4334,WB,2,4334,Good Knight Flash Combo Pack Machine + Refill 1 N,FMCGNF,KVI
FMCGF,JH5003,JH,1,5003,Parachute Coconut Oil Bottle | 100ml | Pack of 1,FMCGNF,KVI
FMCGF,WB5024,WB,2,5024,Sensodyne Repair & Protect 100g,FMCGNF,KVI
FMCGF,WB86569,WB,2,86569,Lux Ultimate Glow Jasmine Vitamin C+E Soap 100g*4N,FMCGNF,KVI
FMCGF,JH12463,JH,1,12463,Parachute Coconut Oil Bottle 200ml,FMCGNF,KVI
FMCGF,JH4329,JH,1,4329,Good Knight Power Activ+ Refills | 45ml | Pack of 2,FMCGNF,KVI
FMCGF,JH5028,JH,1,5028,Sensodyne Toothpaste Fresh Gel 75g,FMCGNF,KVI
FMCGF,JH9963,JH,1,9963,Stay Free Cotton Extra Large 40 Pads,FMCGNF,KVI
FMCGF,JH76434,JH,1,76434,Good Knight Gold Flash Mosquito Repellent Refill 45ml 2N,FMCGNF,KVI
FMCGF,JH67638,JH,1,67638,Ponds Super Light Gel Hydrated Glow 50ml,FMCGNF,KVI
FMCGF,WB2628,WB,2,2628,Jac Olivol Body Oil 300ml,FMCGNF,KVI
FMCGF,JH1362,JH,1,1362,Colgate Cibaca Toothpaste 175g,FMCGNF,KVI
FMCGF,WB5029,WB,2,5029,Sensodyne Toothpaste Fresh Mint 150g,FMCGNF,KVI
FMCGF,WB23525,WB,2,23525,Sensodyne Sensitive Soft Toothbrush | Buy 2 Get 1 Free | Pack of 3,FMCGNF,KVI
FMCGF,CG4329,CG,3,4329,Good Knight Power Activ+ Refills | 45ml | Pack of 2,FMCGNF,KVI
FMCGF,JH10666,JH,1,10666,Dettol Skincare Liquid Hand Wash 675ml,FMCGNF,KVI
FMCGF,JH4115,JH,1,4115,Godrej No 1 Sandal Turmeric Soap 100g 5 Pcs,FMCGNF,KVI
FMCGF,JH82804,JH,1,82804,Pampers Happy Skin Pants M 7 To 12 kg Pack of 30,FMCGNF,KVI
FMCGF,CG8063,CG,3,8063,Harpic Power Plus 10X Max Toilet Cleaner 900ml,FMCGNF,KVI
FMCGF,JH33011,JH,1,33011,Close Up Everfresh Plus Zinc Fresh Technology Toothpaste 150g,FMCGNF,KVI
FMCGF,WB5023,WB,2,5023,Sensodyne Rapid Relief Toothpaste 80g,FMCGNF,KVI
FMCGF,WB11272,WB,2,11272,Colgate Strong Teeth Toothpaste (Free 15% Extra) 100 g,FMCGNF,KVI
FMCGF,JH10665,JH,1,10665,Dettol Original Liquid Hand Wash 650ml,FMCGNF,KVI
FMCGF,JH4736,JH,1,4736,Himalaya Purifying Neem Face Wash 100ml,FMCGNF,KVI
FMCGF,CG15846,CG,3,15846,Surf Excel Detergent Bar | 200g x 4 | Pack of 4,FMCGNF,KVI
FMCGF,WB23642,WB,2,23642,Parachute Coconut Oil Bottle | 600ml | Pack of 1,FMCGNF,KVI
FMCGF,JH13697,JH,1,13697,"MamyPoko All Night Absorb Baby Diaper Pants (M, 7 - 12 kg - 15 Diapers)",FMCGNF,KVI
FMCGF,CG76434,CG,3,76434,Good Knight Gold Flash Mosquito Repellent Refill 45ml 2N,FMCGNF,KVI
FMCGF,WB1363,WB,2,1363,Colgate Dental Cream Strong Teeth Toothpaste 200g,FMCGNF,KVI
FMCGF,WB11989,WB,2,11989,Sensodyne Repair And Protect Toothpaste 70g,FMCGNF,KVI
FMCGF,WB67638,WB,2,67638,Ponds Super Light Gel Hydrated Glow 50ml,FMCGNF,KVI
FMCGF,WB4981,WB,2,4981,Nihar Naturals Hair Oil Methi Extract Jasmine | 200ml | Pack of 1,FMCGNF,KVI
FMCGF,CG3684,CG,3,3684,Nivea Soft Light Moisture | 100ml | Pack of 1,FMCGNF,KVI
FMCGF,JH5023,JH,1,5023,Sensodyne Rapid Relief Toothpaste 80g,FMCGNF,KVI
FMCGF,WB4246,WB,2,4246,Harpic Floral Bathroom Cleaner 500ml,FMCGNF,KVI
FMCGF,WB22682,WB,2,22682,Ghadi Detergent Powder 3 Kg,FMCGNF,KVI
FMCGF,JH4251,JH,1,4251,Lizol Citrus Surface Cleaner 500ml,FMCGNF,KVI
FMCGF,JH1327,JH,1,1327,Clean & Clear Foaming Face Wash 50ml,FMCGNF,KVI
FMCGF,CG23642,CG,3,23642,Parachute Coconut Oil Bottle | 600ml | Pack of 1,FMCGNF,KVI
FMCGF,JH12622,JH,1,12622,"MamyPoko All Night Absorb Baby Diaper Pants (L, 9 - 14 kg - 13 Diapers)",FMCGNF,KVI
FMCGF,JH1353,JH,1,1353,Colgate Maxfresh Red 150g,FMCGNF,KVI
FMCGF,JH1562,JH,1,1562,Dove Cream Beauty Bathing Bar 100g,FMCGNF,KVI
FMCGF,WB8395,WB,2,8395,Colgate Max Fresh Cooling Crystals Spicy Fresh Toothpaste 2x150g,FMCGNF,KVI
FMCGF,CG27354,CG,3,27354,Parachute Coconut Oil Bottle 300ml,FMCGNF,KVI
FMCGF,WB4251,WB,2,4251,Lizol Citrus Surface Cleaner 500ml,FMCGNF,KVI
FMCGF,JH963,JH,1,963,Bajaj Almond Drops Hair Oil 95ml,FMCGNF,KVI
FMCGF,WB79399,WB,2,79399,Lakme Peach Milk 24 Hour Moisture Lock Non Sticky Soft Creme 50g,FMCGNF,KVI
FMCGF,JH1332,JH,1,1332,Clinic Plus Strong & Long Health Shampoo 175ml,FMCGNF,KVI
FMCGF,WB4288,WB,2,4288,Surf Excel Quick Wash Detergent 500g,FMCGNF,KVI
FMCGF,WB8580,WB,2,8580,Vim Liquid Dish Washing Gel 250ml,FMCGNF,KVI
FMCGF,JH5029,JH,1,5029,Sensodyne Toothpaste Fresh Mint 150g,FMCGNF,KVI
FMCGF,CG4251,CG,3,4251,Lizol Citrus Surface Cleaner 500ml,FMCGNF,KVI
FMCGF,JH4330,JH,1,4330,Good knight Power Activ+ Liquid Vapourizer Refill 45ml,FMCGNF,KVI
FMCGF,WB77772,WB,2,77772,Colin Sparkling Shine Glass & Multisurface Cleaner 500ml,FMCGNF,KVI
FMCGF,WB46920,WB,2,46920,Mortein Insta Mosquito Repellent Refill | 45ml | Pack of 3 (B2G1 Free),FMCGNF,KVI
FMCGF,WB1353,WB,2,1353,Colgate Maxfresh Red 150g,FMCGNF,KVI
FMCGF,JH11578,JH,1,11578,Whisper Choice Ultra XL 6 Pads,FMCGNF,KVI
FMCGF,CG77772,CG,3,77772,Colin Sparkling Shine Glass & Multisurface Cleaner 500ml,FMCGNF,KVI
FMCGF,JH4288,JH,1,4288,Surf Excel Quick Wash Detergent 500g,FMCGNF,KVI
FMCGF,JH5030,JH,1,5030,Sensodyne Toothpaste Fresh Mint 75g,FMCGNF,KVI
FMCGF,WB67616,WB,2,67616,Colgate Max Fresh Toothpaste 81g,FMCGNF,KVI
FMCGF,JH15737,JH,1,15737,Whisper Choice XL 280mm 18N,FMCGNF,KVI
FMCGF,JH964,JH,1,964,Bajaj Almond Drops Hair Oil | 180ml | Pack of 1,FMCGNF,KVI
FMCGF,JH4144,JH,1,4144,Margo Original Neem Vitamin E Moisturizing Soap| 500g | Buy 4 Get 1 Free,FMCGNF,KVI
FMCGF,JH4172,JH,1,4172,Pears Pure And Gentle Body Wash 250ml,FMCGNF,KVI
FMCGF,JH4704,JH,1,4704,Everyuth Naturals Walnut Scrub | 50g | Pack of 1,FMCGNF,KVI
FMCGF,WB27354,WB,2,27354,Parachute Coconut Oil Bottle 300ml,FMCGNF,KVI
FMCGF,CG4330,CG,3,4330,Good knight Power Activ+ Liquid Vapourizer Refill 45ml,FMCGNF,KVI
FMCGF,JH8305,JH,1,8305,Dabur Red Paste 200g,FMCGNF,KVI
FMCGF,JH1326,JH,1,1326,Clean & Clear Foaming Face Wash 100ml,FMCGNF,KVI
FMCGF,CG12463,CG,3,12463,Parachute Coconut Oil Bottle 200ml,FMCGNF,KVI
FMCGF,JH77772,JH,1,77772,Colin Sparkling Shine Glass & Multisurface Cleaner 500ml,FMCGNF,KVI
FMCGF,WB10804,WB,2,10804,Colgate Active Salt Toothpaste 200g,FMCGNF,KVI
FMCGF,WB1468,WB,2,1468,Dabur Red Toothpaste 100g,FMCGNF,KVI
FMCGF,JH87576,JH,1,87576,Pond's Bright Beauty Serum Cream | 24 g | Pack of 1,FMCGNF,KVI
FMCGF,JH8555,JH,1,8555,Sunsilk Black Shampoo 180ml,FMCGNF,KVI
FMCGF,CG5003,CG,3,5003,Parachute Coconut Oil Bottle | 100ml | Pack of 1,FMCGNF,KVI
FMCGF,JH4166,JH,1,4166,Pears Pure & Gentle Bathing Bar 75g*4N,FMCGNF,KVI
FMCGF,WB12463,WB,2,12463,Parachute Coconut Oil Bottle 200ml,FMCGNF,KVI
FMCGF,WB3911,WB,2,3911,Tresemme Keratin Smooth Argan Oil Shampoo 180ml,FMCGNF,KVI
FMCGF,WB29164,WB,2,29164,Odonil Assorted Air Freshener | 192g | Pack of 4,FMCGNF,KVI
FMCGF,JH4170,JH,1,4170,Pears Pure & Gentle Soap | 100g | Pack of 1,FMCGNF,KVI
FMCGF,JH9964,JH,1,9964,Stay Free Cotton Extra Large 12 Pads,FMCGNF,KVI
FMCGF,WB8396,WB,2,8396,Colgate Strong Teeth Toothpaste | 250g x 2 | Pack of 2,FMCGNF,KVI
FMCGF,JH69635,JH,1,69635,Glow & Lovely Advanced Multivitamin Face Cream 110g,FMCGNF,KVI
FMCGF,WB8305,WB,2,8305,Dabur Red Paste 200g,FMCGNF,KVI
FMCGF,JH4732,JH,1,4732,Himalaya Purifying Neem Face Wash | 200ml | Buy 1 Get 1 Free,FMCGNF,KVI
FMCGF,WB10665,WB,2,10665,Dettol Original Liquid Hand Wash 650ml,FMCGNF,KVI
FMCGF,JH85252,JH,1,85252,Garnier Bright Complete Vitamin C Foam Face Wash 50g,FMCGNF,KVI
FMCGF,JH11600,JH,1,11600,Loreal Paris Total Repair 5 Damaged Hair shampoo 180ml,FMCGNF,KVI
FMCGF,CG11272,CG,3,11272,Colgate Strong Teeth Toothpaste (Free 15% Extra) 100 g,FMCGNF,KVI
FMCGF,WB4114,WB,2,4114,Godrej No 1 Lime And Aloevera Soap 100g 5 Pcs,FMCGNF,KVI
FMCGF,WB4093,WB,2,4093,Fiama Gel Bar Soap Blackcurrant And Bearberry | 625g| Pack of 5,FMCGNF,KVI
FMCGF,JH16574,JH,1,16574,Gillette Venus Razor Pink | 1N | Pack of 1,FMCGNF,KVI
FMCGF,CG5056,CG,3,5056,Surf Excel Easy Wash Detergent Powder 1.5 Kg,FMCGNF,KVI
FMCGF,WB4732,WB,2,4732,Himalaya Purifying Neem Face Wash | 200ml | Buy 1 Get 1 Free,FMCGNF,KVI
FMCGF,CG4261,CG,3,4261,Pitambari Copper Brass Cleaner 200g,FMCGNF,KVI
FMCGF,CG5024,CG,3,5024,Sensodyne Repair & Protect 100g,FMCGNF,KVI
FMCGF,CG23525,CG,3,23525,Sensodyne Sensitive Soft Toothbrush | Buy 2 Get 1 Free | Pack of 3,FMCGNF,KVI
FMCGF,WB8280,WB,2,8280,Hit Cockroaches Killer Spray 625ml,FMCGNF,KVI
FMCGF,CG1363,CG,3,1363,Colgate Dental Cream Strong Teeth Toothpaste 200g,FMCGNF,KVI
FMCGF,JH23407,JH,1,23407,Sensodyne Sensitive Toothbrush 1N,FMCGNF,KVI
FMCGF,WB12422,WB,2,12422,Lifebuoy Germ Expert Soap | 125g | Pack of 4,FMCGNF,KVI
FMCGF,CG97055,CG,3,97055,Santoor Sandal & Turmeric Soap 125gm x 4 N,FMCGNF,KVI
FMCGF,JH10031,JH,1,10031,Sunsilk Stunning Black Shine Shampoo 350ml,FMCGNF,KVI
FMCGF,JH32983,JH,1,32983,Parachute Advanced Gold Coconut Hair Oil 190 Ml,FMCGNF,KVI
FMCGF,JH12963,JH,1,12963,Dove Nutritive Solution Hair Fall Rescue Shampoo 180ml,FMCGNF,KVI
FMCGF,CG4172,CG,3,4172,Pears Pure And Gentle Body Wash 250ml,FMCGNF,KVI
FMCGF,CG5028,CG,3,5028,Sensodyne Toothpaste Fresh Gel 75g,FMCGNF,KVI
FMCGF,CG11207,CG,3,11207,Harpic Lemon Bathroom Cleaner 500ml,FMCGNF,KVI
FMCGF,CG5026,CG,3,5026,Sensodyne Toothpaste Fresh Gel 150g,FMCGNF,KVI
FMCGF,JH1492,JH,1,1492,Denver Hamilton Deodorant | 150 ml | Pack of 1,FMCGNF,KVI
FMCGF,WB33011,WB,2,33011,Close Up Everfresh Plus Zinc Fresh Technology Toothpaste 150g,FMCGNF,KVI
FMCGF,CG4114,CG,3,4114,Godrej No 1 Lime And Aloevera Soap 100g 5 Pcs,FMCGNF,KVI
FMCGF,WB10812,WB,2,10812,Colgate Visible White Toothpaste 100g,FMCGNF,KVI
FMCGF,JH4734,JH,1,4734,Himalaya Purifying Neem Face Wash Tube 150ml,FMCGNF,KVI
FMCGF,JH4335,JH,1,4335,Hit Cockroach Repellent | 400ml | Pack of 1,FMCGNF,KVI
FMCGF,JH87465,JH,1,87465,Good Knight Gold Flash Liquid Vapouriser Refill 1N,FMCGNF,KVI
FMCGF,WB15846,WB,2,15846,Surf Excel Detergent Bar | 200g x 4 | Pack of 4,FMCGNF,KVI
FMCGF,WB4765,WB,2,4765,Himalaya Herbals Complete Care Toothpaste 150g,FMCGNF,KVI
FMCGF,WB11600,WB,2,11600,Loreal Paris Total Repair 5 Damaged Hair shampoo 180ml,FMCGNF,KVI
FMCGF,CG33011,CG,3,33011,Close Up Everfresh Plus Zinc Fresh Technology Toothpaste 150g,FMCGNF,KVI
FMCGF,JH4201,JH,1,4201,Santoor Sandal & Turmeric Soap | 4x100g | Pack of 4,FMCGNF,KVI
FMCGF,WB3892,WB,2,3892,Streax Hair Serum Vitamin C with Walnut Oil 45ml,FMCGNF,KVI
FMCGF,JH3739,JH,1,3739,Garnier Color Naturals Natural Black Shade 1 Hair Color 70ml + 60g,FMCGNF,KVI
FMCGF,WB9244,WB,2,9244,Colgate Anticavity Dental Care Toothpaste 200g+100g & Brush Free,FMCGNF,KVI
FMCGF,WB4736,WB,2,4736,Himalaya Purifying Neem Face Wash 100ml,FMCGNF,KVI
FMCGF,WB1332,WB,2,1332,Clinic Plus Strong & Long Health Shampoo 175ml,FMCGNF,KVI
FMCGF,CG69709,CG,3,69709,Lux Fresh Glow 100g 4N,FMCGNF,KVI
FMCGF,CG77213,CG,3,77213,Active Wheel 2 In 1 Detergent Powder 2 Kg,FMCGNF,KVI
FMCGF,JH72174,JH,1,72174,Dove Pink Beauty Bathing Bar 100g,FMCGNF,KVI
FMCGF,CG1613,CG,3,1613,Godrej Cinthol Lime Soap 75g Set Of 4,FMCGNF,KVI
FMCGF,JH97517,JH,1,97517,Dettol Original Soap 150g Pack Of 4,FMCGNF,KVI
FMCGF,CG4201,CG,3,4201,Santoor Sandal & Turmeric Soap | 4x100g | Pack of 4,FMCGNF,KVI
FMCGF,JH4985,JH,1,4985,Parachute Advanced Aloe Vera Enriched Coconut Hair Oil 250ml,FMCGNF,KVI
FMCGF,WB4724,WB,2,4724,Himalaya Face Wash Purifying Neem Tube 50ml,FMCGNF,KVI
FMCGF,CG1562,CG,3,1562,Dove Cream Beauty Bathing Bar 100g,FMCGNF,KVI
FMCGF,WB10809,WB,2,10809,Colgate Max Fresh Cooling Crystals Peppermint Ice Toothpaste | 70g + 11g Free | Pack of 1,FMCGNF,KVI
FMCGF,JH4337,JH,1,4337,Hit Hidden Cockroaches Repellant 200ml,FMCGNF,KVI
FMCGF,CG13725,CG,3,13725,Dove Cream Beauty Bathing Bar 125*3 Set,FMCGNF,KVI
FMCGF,JH97027,JH,1,97027,Dettol Icy Cool Soap 100g x 5N,FMCGNF,KVI
FMCGF,CG4985,CG,3,4985,Parachute Advanced Aloe Vera Enriched Coconut Hair Oil 250ml,FMCGNF,KVI
FMCGF,WB1327,WB,2,1327,Clean & Clear Foaming Face Wash 50ml,FMCGNF,KVI
FMCGF,JH11989,JH,1,11989,Sensodyne Repair And Protect Toothpaste 70g,FMCGNF,KVI
FMCGF,WB8555,WB,2,8555,Sunsilk Black Shampoo 180ml,FMCGNF,KVI
FMCGF,CG36818,CG,3,36818,Medimix Ayurvedic 18 Herbs Soap 450g,FMCGNF,KVI
FMCGF,WB15865,WB,2,15865,Tresemme Keratin Smooth With Keratin & Argan Shampoo 340ml,FMCGNF,KVI
FMCGF,JH77843,JH,1,77843,L'Oréal Paris Hyaluron Moisture Hyaluronic Acid Shampoo | 180ml | Pack of 1,FMCGNF,KVI
FMCGF,CG97517,CG,3,97517,Dettol Original Soap 150g Pack Of 4,FMCGNF,KVI
FMCGF,CG965,CG,3,965,Bajaj Almond Drops Hair Oil 285ml,FMCGNF,KVI
FMCGF,JH4173,JH,1,4173,Pears Soft & Fresh Soap Bar 100g,FMCGNF,KVI
FMCGF,JH3810,JH,1,3810,Livon Silky Hair Serum 50ml,FMCGNF,KVI
FMCGF,CG10666,CG,3,10666,Dettol Skincare Liquid Hand Wash 675ml,FMCGNF,KVI
FMCGF,WB4987,WB,2,4987,Parachute Advanced Gold Coconut Hair Oil 500ml | Pack of 1,FMCGNF,KVI
FMCGF,CG4288,CG,3,4288,Surf Excel Quick Wash Detergent 500g,FMCGNF,KVI
FMCGF,WB12963,WB,2,12963,Dove Nutritive Solution Hair Fall Rescue Shampoo 180ml,FMCGNF,KVI
FMCGF,CG4109,CG,3,4109,Godrej No 1 Jasmine Milk Cream 5x100g + B4 G1F + Rotomac,FMCGNF,KVI
FMCGF,CG8408,CG,3,8408,Dove Beauty Bathing Bar 3x75g,FMCGNF,KVI
FMCGF,WB1326,WB,2,1326,Clean & Clear Foaming Face Wash 100ml,FMCGNF,KVI
FMCGF,JH4724,JH,1,4724,Himalaya Face Wash Purifying Neem Tube 50ml,FMCGNF,KVI
FMCGF,WB4335,WB,2,4335,Hit Cockroach Repellent | 400ml | Pack of 1,FMCGNF,KVI
FMCGF,CG4115,CG,3,4115,Godrej No 1 Sandal Turmeric Soap 100g 5 Pcs,FMCGNF,KVI
FMCGF,CG78656,CG,3,78656,Sensodyne Sensitive Soft Toothbrush 4N,FMCGNF,KVI
FMCGF,WB3822,WB,2,3822,Loreal Paris Fall Repairs 3x Shampoo 180ml,FMCGNF,KVI
FMCGF,WB77843,WB,2,77843,L'Oréal Paris Hyaluron Moisture Hyaluronic Acid Shampoo | 180ml | Pack of 1,FMCGNF,KVI
FMCGF,JH1578,JH,1,1578,Dove Daily Shine Shampoo 180ml,FMCGNF,KVI
FMCGF,WB85722,WB,2,85722,Pepsodent Advanced Anti Germ Formula Toothpaste 200g,FMCGNF,KVI
FMCGF,CG4170,CG,3,4170,Pears Pure & Gentle Soap | 100g | Pack of 1,FMCGNF,KVI
FMCGF,WB3910,WB,2,3910,Tresemme Hair Fall Defence Shampoo 185ml,FMCGNF,KVI
FMCGF,WB1613,WB,2,1613,Godrej Cinthol Lime Soap 75g Set Of 4,FMCGNF,KVI
FMCGF,CG11600,CG,3,11600,Loreal Paris Total Repair 5 Damaged Hair shampoo 180ml,FMCGNF,KVI
FMCGF,WB33009,WB,2,33009,Close Up Everfresh Plus Zinc Fresh Technology Toothpaste 2x150g,FMCGNF,KVI
FMCGF,WB10807,WB,2,10807,Colgate Max Fresh Cooling Crystals Peppermint Ice Toothpaste 300g,FMCGNF,KVI
FMCGF,JH78652,JH,1,78652,Bajaj 100% Pure Coconut Oil | 547.2g | Pack of 1,FMCGNF,KVI
FMCGF,JH14452,JH,1,14452,Santoor Classic Gentle Hand Wash 650ml,FMCGNF,KVI
FMCGF,WB11595,WB,2,11595,Sunsilk Thick And Long Shampoo 350ml,FMCGNF,KVI
FMCGF,WB3798,WB,2,3798,Loreal Hair Total Repair Hair Conditioner 180ml,FMCGNF,KVI
FMCGF,CG4724,CG,3,4724,Himalaya Face Wash Purifying Neem Tube 50ml,FMCGNF,KVI
FMCGF,CG8555,CG,3,8555,Sunsilk Black Shampoo 180ml,FMCGNF,KVI
FMCGF,CG4736,CG,3,4736,Himalaya Purifying Neem Face Wash 100ml,FMCGNF,KVI
FMCGF,WB3819,WB,2,3819,Loreal Paris 6 Oil Nourishing Conditioner 180ml,FMCGNF,KVI
FMCGF,JH11708,JH,1,11708,Dove Daily Shine Conditioner 175ml,FMCGNF,KVI
FMCGF,CG15996,CG,3,15996,Godrej No. 1 Rosewater Almond Soap Bar 100gx5N B4G1 Free,FMCGNF,KVI
FMCGF,WB10031,WB,2,10031,Sunsilk Stunning Black Shine Shampoo 350ml,FMCGNF,KVI
FMCGF,CG4337,CG,3,4337,Hit Hidden Cockroaches Repellant 200ml,FMCGNF,KVI
FMCGF,WB81190,WB,2,81190,Lakme Blush & Glow Strawberry Blast Face wash 100g,FMCGNF,KVI
FMCGF,CG1611,CG,3,1611,Godrej Cinthol Cool Soap 75g*4,FMCGNF,KVI
FMCGF,CG1327,CG,3,1327,Clean & Clear Foaming Face Wash 50ml,FMCGNF,KVI
FMCGF,WB13737,WB,2,13737,Dove Hair Fall Rescue Shampoo 340ml,FMCGNF,KVI
FMCGF,CG12968,CG,3,12968,Garnier Bright Complete Foam Face Wash 100g,FMCGNF,KVI
FMCGF,CG33009,CG,3,33009,Close Up Everfresh Plus Zinc Fresh Technology Toothpaste 2x150g,FMCGNF,KVI
FMCGF,CG32983,CG,3,32983,Parachute Advanced Gold Coconut Hair Oil 190 Ml,FMCGNF,KVI
FMCGF,CG72174,CG,3,72174,Dove Pink Beauty Bathing Bar 100g,FMCGNF,KVI
FMCGF,JH1507,JH,1,1507,Dettol Hand Wash Original 175ml,FMCGNF,KVI
FMCGF,CG97042,CG,3,97042,Dettol Skincare Soap 100gX 4N,FMCGNF,KVI
FMCGF,WB97517,WB,2,97517,Dettol Original Soap 150g Pack Of 4,FMCGNF,KVI
FMCGF,CG78652,CG,3,78652,Bajaj 100% Pure Coconut Oil | 547.2g | Pack of 1,FMCGNF,KVI
FMCGF,CG76388,CG,3,76388,Close Up Everfresh Plus Zinc Fresh Technology Toothpaste 80g,FMCGNF,KVI
FMCGF,CG1326,CG,3,1326,Clean & Clear Foaming Face Wash 100ml,FMCGNF,KVI
FMCGF,CG87576,CG,3,87576,Pond's Bright Beauty Serum Cream | 24 g | Pack of 1,FMCGNF,KVI
FMCGF,WB1568,WB,2,1568,Dove Daily Shine Shampoo 340ml,FMCGNF,KVI
FMCGF,WB1611,WB,2,1611,Godrej Cinthol Cool Soap 75g*4,FMCGNF,KVI
FMCGF,CG5045,CG,3,5045,Liril Lime All Day Freshness Soap | 125g | Pack of 1,FMCGNF,KVI
FMCGF,WB8391,WB,2,8391,Clinic Plus Strong & Long Health Shampoo 355ml,FMCGNF,KVI
FMCGF,CG8391,CG,3,8391,Clinic Plus Strong & Long Health Shampoo 355ml,FMCGNF,KVI
FMCGF,CG96223,CG,3,96223,Godrej No. 1 Lime Aloe Vera Soap 150 g x 4 N,FMCGNF,KVI
FMCGF,CG1578,CG,3,1578,Dove Daily Shine Shampoo 180ml,FMCGNF,KVI
FMCGF,JH12422,JH,1,12422,Lifebuoy Germ Expert Soap | 125g | Pack of 4,FMCGNF,KVI
FMCGF,WB14796,WB,2,14796,Tresemme Smooth & Shine Shampoo 580ml,FMCGNF,KVI
FMCGF,CG4113,CG,3,4113,Godrej Kesar Milk Cream Soap 100g 5 Pcs,FMCGNF,KVI
FMCGF,CG83737,CG,3,83737,Parachute Advansed Gold Coconut Hair Oil 280ml,FMCGNF,KVI
FMCGF,CG82004,CG,3,82004,Ponds Super Light Gel Hydrated Glow 100ml,FMCGNF,KVI
FMCGF,CG23648,CG,3,23648,Lux Creamy Perfection Soap 4Nx125g,FMCGNF,KVI
FMCGF,CG33004,CG,3,33004,Ponds Dream Flower Fragant Talcum Powder 80g,FMCGNF,KVI
FMCGF,WB4982,WB,2,4982,Nihar Naturals Hair Oil Methi Extract Jasmine | 400ml | Pack of 1,FMCGNF,KVI
FMCGF,JH46920,JH,1,46920,Mortein Insta Mosquito Repellent Refill | 45ml | Pack of 3 (B2G1 Free),FMCGNF,KVI
FMCGF,WB5185,WB,2,5185,Surf Excel Easy Wash 3 Kg,FMCGNF,KVI
FMCGF,CG3810,CG,3,3810,Livon Silky Hair Serum 50ml,FMCGNF,KVI
FMCGF,WB9271,WB,2,9271,Loreal Paris Excellence Creme Black Hair Color 100g+72ml,FMCGNF,KVI
FMCGF,JH3555,JH,1,3555,Glow & Lovely Advance Multi Vitamin Face Cream 80g,FMCGNF,KVI
FMCGF,JH3527,JH,1,3527,Glow & Lovely Advanced Multi Vitamin Cream 25g,FMCGNF,KVI
FMCGF,WB11732,WB,2,11732,7up 2.25 Ltr,FMCGF,KVI
FMCGF,JH11732,JH,1,11732,7up 2.25 Ltr,FMCGF,KVI
FMCGF,CG11732,CG,3,11732,7up 2.25 Ltr,FMCGF,KVI
FMCGF,CG69697,CG,3,69697,Agrawals 420 Instant Idli Mix 500g,FMCGF,KVI
FMCGF,CG69698,CG,3,69698,Agrawals 420 Khaman Dhokla Instant Mix 500g,FMCGF,KVI
FMCGF,CG73549,CG,3,73549,Agrawals 420 Special Papad 200g,FMCGF,KVI
FMCGF,CG872,CG,3,872,Amul Chocominis 250g,FMCGF,KVI
FMCGF,WB872,WB,2,872,Amul Chocominis 250g,FMCGF,KVI
FMCGF,JH872,JH,1,872,Amul Chocominis 250g,FMCGF,KVI
FMCGF,WB886,WB,2,886,Amul Homogenised Standardised Milk - 1Ltr,FMCGF,KVI
FMCGF,JH918,JH,1,918,Amul Pasteurised Butter | 500g | Pack of 1,FMCGF,KVI
FMCGF,WB917,WB,2,917,Amul Pasteurised Butter 100g,FMCGF,KVI
FMCGF,JH917,JH,1,917,Amul Pasteurised Butter 100g,FMCGF,KVI
FMCGF,CG917,CG,3,917,Amul Pasteurised Butter 100g,FMCGF,KVI
FMCGF,WB919,WB,2,919,Amul Pasteurised Butter 200g Tub,FMCGF,KVI
FMCGF,CG937,CG,3,937,Amul Taaza Toned Milk Tetra Pack - 1Ltr,FMCGF,KVI
FMCGF,WB937,WB,2,937,Amul Taaza Toned Milk Tetra Pack - 1Ltr,FMCGF,KVI
FMCGF,WB944,WB,2,944,Amulya Dairy Whitener 500g,FMCGF,KVI
FMCGF,JH944,JH,1,944,Amulya Dairy Whitener 500g,FMCGF,KVI
FMCGF,JH97240,JH,1,97240,Ayush Moong Mix 500g,FMCGF,KVI
FMCGF,JH67088,JH,1,67088,Bagrrys Choco Fills+ 250g,FMCGF,KVI
FMCGF,JH43502,JH,1,43502,Bagrrys Corn Flakes Plus Original & Healthier 800g,FMCGF,KVI
FMCGF,WB43502,WB,2,43502,Bagrrys Corn Flakes Plus Original & Healthier 800g,FMCGF,KVI
FMCGF,CG43502,CG,3,43502,Bagrrys Corn Flakes Plus Original & Healthier 800g,FMCGF,KVI
FMCGF,WB43513,WB,2,43513,Bagrrys White Oats 1 Kg,FMCGF,KVI
FMCGF,CG67199,CG,3,67199,Bagrrys White Oats 500g,FMCGF,KVI
FMCGF,WB976,WB,2,976,Bikaji Namkeen All In One Kuch Kuch 400g,FMCGF,KVI
FMCGF,WB977,WB,2,977,Bikaji Namkeen Bikaneri Bhujia 400g,FMCGF,KVI
FMCGF,JH75585,JH,1,75585,Britannia 50 50 Maska Chaska Biscuits 300g,FMCGF,KVI
FMCGF,CG97165,CG,3,97165,Britannia Good Day Butter Jeera Cookies 450g,FMCGF,KVI
FMCGF,CG16921,CG,3,16921,Britannia Good Day Cashew Cookies | 565g | Pack of 1,FMCGF,KVI
FMCGF,CG43506,CG,3,43506,Britannia Good Day Cashew Cookies Family Pack | 827g | Pack of 1,FMCGF,KVI
FMCGF,JH43506,JH,1,43506,Britannia Good Day Cashew Cookies Family Pack | 827g | Pack of 1,FMCGF,KVI
FMCGF,WB43506,WB,2,43506,Britannia Good Day Cashew Cookies Family Pack | 827g | Pack of 1,FMCGF,KVI
FMCGF,JH16952,JH,1,16952,Britannia Marie Gold Biscuits 1Kg,FMCGF,KVI
FMCGF,CG16952,CG,3,16952,Britannia Marie Gold Biscuits 1Kg,FMCGF,KVI
FMCGF,WB16952,WB,2,16952,Britannia Marie Gold Biscuits 1Kg,FMCGF,KVI
FMCGF,WB1061,WB,2,1061,Britannia Nutri Choice Digestive High Fiber Biscuits 960g,FMCGF,KVI
FMCGF,JH1061,JH,1,1061,Britannia Nutri Choice Digestive High Fiber Biscuits 960g,FMCGF,KVI
FMCGF,CG1061,CG,3,1061,Britannia Nutri Choice Digestive High Fiber Biscuits 960g,FMCGF,KVI
FMCGF,CG103047,CG,3,103047,Britannia Toastea Premium Bake Rusk With Real Elaichi | 1 kg | Pack of 1,FMCGF,KVI
FMCGF,CG32999,CG,3,32999,Brooke Bond Red Label Carton Pack 250g,FMCGF,KVI
FMCGF,JH2477,JH,1,2477,Brooke Bond Red Label Tea 250g | Pack of 1,FMCGF,KVI
FMCGF,WB2477,WB,2,2477,Brooke Bond Red Label Tea 250g | Pack of 1,FMCGF,KVI
FMCGF,CG12635,CG,3,12635,Brooke Bond Red Label Tea 500g,FMCGF,KVI
FMCGF,JH1132,JH,1,1132,Brooke Bond Taaza Tea 250g Pouch,FMCGF,KVI
FMCGF,JH2831,JH,1,2831,Cadbury Bourn Vita 500g Pouch,FMCGF,KVI
FMCGF,WB2831,WB,2,2831,Cadbury Bourn Vita 500g Pouch,FMCGF,KVI
FMCGF,CG2831,CG,3,2831,Cadbury Bourn Vita 500g Pouch,FMCGF,KVI
FMCGF,CG17044,CG,3,17044,Chefs Basket Durum Wheat Penne Pasta 500g,FMCGF,KVI
FMCGF,JH92,JH,1,92,Chings Schezwan Chutney | 250g | Pack of 1,FMCGF,KVI
FMCGF,CG92,CG,3,92,Chings Schezwan Chutney | 250g | Pack of 1,FMCGF,KVI
FMCGF,WB92,WB,2,92,Chings Schezwan Chutney | 250g | Pack of 1,FMCGF,KVI
FMCGF,JH96,JH,1,96,Chings Secret Green Chilli Sauce 190g,FMCGF,KVI
FMCGF,JH1371,JH,1,1371,Complan Health Drink Chocolate Flavour 500g,FMCGF,KVI
FMCGF,JH97022,JH,1,97022,Complan New Royal Chocolate Pouch 700GM,FMCGF,KVI
FMCGF,WB97022,WB,2,97022,Complan New Royal Chocolate Pouch 700GM,FMCGF,KVI
FMCGF,WB3053,WB,2,3053,Funfoods Mayonnaise Veg Pouch 800g,FMCGF,KVI
FMCGF,CG84933,CG,3,84933,Ganga Jamuna Gold Salty Namkeen 500g,FMCGF,KVI
FMCGF,JH2730,JH,1,2730,Glucon D Drink Mix Orange 450g,FMCGF,KVI
FMCGF,WB2730,WB,2,2730,Glucon D Drink Mix Orange 450g,FMCGF,KVI
FMCGF,WB2734,WB,2,2734,Glucon D Regular 500g,FMCGF,KVI
FMCGF,CG8444,CG,3,8444,Glucon D Tangy Orange Jar 400g,FMCGF,KVI
FMCGF,JH2732,JH,1,2732,Glucon-D Tangy Orange Instant Energy Health Drink 1 Kg,FMCGF,KVI
FMCGF,CG2732,CG,3,2732,Glucon-D Tangy Orange Instant Energy Health Drink 1 Kg,FMCGF,KVI
FMCGF,CG3160,CG,3,3160,Haldirams All In One 400g,FMCGF,KVI
FMCGF,JH4631,JH,1,4631,Haldirams Aloo Bhujia 350g+50g Free,FMCGF,KVI
FMCGF,CG4631,CG,3,4631,Haldirams Aloo Bhujia 350g+50g Free,FMCGF,KVI
FMCGF,JH3163,JH,1,3163,Haldirams Bhujia Sev 400g,FMCGF,KVI
FMCGF,CG3163,CG,3,3163,Haldirams Bhujia Sev 400g,FMCGF,KVI
FMCGF,JH90157,JH,1,90157,Haldirams Indian Snacks Mixture 400g,FMCGF,KVI
FMCGF,WB3153,WB,2,3153,Haldirams Mixchiv Prabhuji Jhal Chanachur 400g,FMCGF,KVI
FMCGF,JH3172,JH,1,3172,Haldirams Moong Dal Namkeen 400g,FMCGF,KVI
FMCGF,JH8327,JH,1,8327,Haldirams Namkeen Khatta Meetha 400g,FMCGF,KVI
FMCGF,WB3154,WB,2,3154,Haldirams Prabhuji Bhujia 400g,FMCGF,KVI
FMCGF,WB68115,WB,2,68115,Hell Classic Energy Drink 250ml Can,FMCGF,KVI
FMCGF,JH3230,JH,1,3230,Horlicks Classic Malt Pouch | 450g | Pack of 1,FMCGF,KVI
FMCGF,WB3230,WB,2,3230,Horlicks Classic Malt Pouch | 450g | Pack of 1,FMCGF,KVI
FMCGF,JH30253,JH,1,30253,Horlicks Health & Nutrition Drink Classic Malt 750g,FMCGF,KVI
FMCGF,WB30253,WB,2,30253,Horlicks Health & Nutrition Drink Classic Malt 750g,FMCGF,KVI
FMCGF,CG73572,CG,3,73572,Jabalpur Lijjat Moong papad 200g,FMCGF,KVI
FMCGF,CG72143,CG,3,72143,Jalaram Mahasamund Ganga Jamuna Gold Namkeen 1 Kg,FMCGF,KVI
FMCGF,JH68872,JH,1,68872,Kellogg's Chocos Variety Pack | 7N | 140g | Pack of 1,FMCGF,KVI
FMCGF,WB68872,WB,2,68872,Kellogg's Chocos Variety Pack | 7N | 140g | Pack of 1,FMCGF,KVI
FMCGF,CG68872,CG,3,68872,Kellogg's Chocos Variety Pack | 7N | 140g | Pack of 1,FMCGF,KVI
FMCGF,WB100665,WB,2,100665,Kellogg's Millet Muesli 500g,FMCGF,KVI
FMCGF,CG100665,CG,3,100665,Kellogg's Millet Muesli 500g,FMCGF,KVI
FMCGF,WB102267,WB,2,102267,Kellogg's Muesli 0% Added Sugar | 400g | Pack of 1,FMCGF,KVI
FMCGF,CG102267,CG,3,102267,Kellogg's Muesli 0% Added Sugar | 400g | Pack of 1,FMCGF,KVI
FMCGF,JH2777,JH,1,2777,Kellogg's Muesli Fruit & Nut | 500g | Pack of 1,FMCGF,KVI
FMCGF,CG2777,CG,3,2777,Kellogg's Muesli Fruit & Nut | 500g | Pack of 1,FMCGF,KVI
FMCGF,CG99564,CG,3,99564,Kellogg's Muesli Fruit Nut & Seeds | 72g | Pack of 1,FMCGF,KVI
FMCGF,CG9901,CG,3,9901,Kelloggs Chocos 250g,FMCGF,KVI
FMCGF,JH9902,JH,1,9902,Kelloggs Chocos 385g,FMCGF,KVI
FMCGF,WB9942,WB,2,9942,Kelloggs Chocos Fills 153g,FMCGF,KVI
FMCGF,JH2584,JH,1,2584,Kelloggs Corn Flakes Original 251 g Pouch,FMCGF,KVI
FMCGF,WB2584,WB,2,2584,Kelloggs Corn Flakes Original 251 g Pouch,FMCGF,KVI
FMCGF,CG2584,CG,3,2584,Kelloggs Corn Flakes Original 251 g Pouch,FMCGF,KVI
FMCGF,JH10178,JH,1,10178,Kelloggs Corn Flakes Original 900g,FMCGF,KVI
FMCGF,WB10178,WB,2,10178,Kelloggs Corn Flakes Original 900g,FMCGF,KVI
FMCGF,CG10178,CG,3,10178,Kelloggs Corn Flakes Original 900g,FMCGF,KVI
FMCGF,JH86683,JH,1,86683,Kissan Fresh Tomato Ketchup 1.1 Kg,FMCGF,KVI
FMCGF,WB86683,WB,2,86683,Kissan Fresh Tomato Ketchup 1.1 Kg,FMCGF,KVI
FMCGF,CG86683,CG,3,86683,Kissan Fresh Tomato Ketchup 1.1 Kg,FMCGF,KVI
FMCGF,JH8277,JH,1,8277,Kissan Mixed Fruit Jam 200g,FMCGF,KVI
FMCGF,CG8277,CG,3,8277,Kissan Mixed Fruit Jam 200g,FMCGF,KVI
FMCGF,JH2909,JH,1,2909,Lijjat Punjabi Masala Papad 200g,FMCGF,KVI
FMCGF,CG2794,CG,3,2794,Lotte Choco Pie 168g,FMCGF,KVI
FMCGF,JH10331,JH,1,10331,Maggi 2 Minute Noodles Masala 420g,FMCGF,KVI
FMCGF,CG10331,CG,3,10331,Maggi 2 Minute Noodles Masala 420g,FMCGF,KVI
FMCGF,WB10331,WB,2,10331,Maggi 2 Minute Noodles Masala 420g,FMCGF,KVI
FMCGF,WB74102,WB,2,74102,Maggi Masala Veg Atta Noodles 290g,FMCGF,KVI
FMCGF,CG74102,CG,3,74102,Maggi Masala Veg Atta Noodles 290g,FMCGF,KVI
FMCGF,JH74102,JH,1,74102,Maggi Masala Veg Atta Noodles 290g,FMCGF,KVI
FMCGF,WB102071,WB,2,102071,Marino Premium Elaichi Rusk | 1kg | Pack of 1,FMCGF,KVI
FMCGF,JH102071,JH,1,102071,Marino Premium Elaichi Rusk | 1kg | Pack of 1,FMCGF,KVI
FMCGF,WB96516,WB,2,96516,Meri Elaichi Tea | 500g | Pouch | Pack of 1,FMCGF,KVI
FMCGF,JH4686,JH,1,4686,Mirinda Pet 2.25 Ltr,FMCGF,KVI
FMCGF,WB4686,WB,2,4686,Mirinda Pet 2.25 Ltr,FMCGF,KVI
FMCGF,CG4686,CG,3,4686,Mirinda Pet 2.25 Ltr,FMCGF,KVI
FMCGF,JH77960,JH,1,77960,Mothers Recipe Mixed Pickle 1 Kg,FMCGF,KVI
FMCGF,JH10368,JH,1,10368,Mountain Dew 2.25 Ltr,FMCGF,KVI
FMCGF,WB10368,WB,2,10368,Mountain Dew 2.25 Ltr,FMCGF,KVI
FMCGF,WB95799,WB,2,95799,Mukharochak Sweet & Sour Chanachur | 400g | Pack of 1,FMCGF,KVI
FMCGF,JH100441,JH,1,100441,Nakoda All In One Mixture 900g,FMCGF,KVI
FMCGF,WB100441,WB,2,100441,Nakoda All In One Mixture 900g,FMCGF,KVI
FMCGF,CG100446,CG,3,100446,Nakoda Chatpata Mixture 750g,FMCGF,KVI
FMCGF,CG103866,CG,3,103866,Nakoda Garlic Mixture | 750g | Pack of 1,FMCGF,KVI
FMCGF,WB3081,WB,2,3081,Nescafe Classic Coffee 24g Jar,FMCGF,KVI
FMCGF,CG3081,CG,3,3081,Nescafe Classic Coffee 24g Jar,FMCGF,KVI
FMCGF,WB95652,WB,2,95652,Panda Treats Hakka Masala Noodles 400 g,FMCGF,KVI
FMCGF,WB95653,WB,2,95653,Panda Treats Hakka Plain Noodles 1.2 kg,FMCGF,KVI
FMCGF,JH95653,JH,1,95653,Panda Treats Hakka Plain Noodles 1.2 kg,FMCGF,KVI
FMCGF,CG95653,CG,3,95653,Panda Treats Hakka Plain Noodles 1.2 kg,FMCGF,KVI
FMCGF,WB97011,WB,2,97011,Panda Treats Rava/Sooji Hakka Chow Noodles 400g,FMCGF,KVI
FMCGF,CG32987,CG,3,32987,Parle 20 20 Gold Cashew Almond Cookies 600g,FMCGF,KVI
FMCGF,JH77827,JH,1,77827,Parle 20 20 Nice Sugar Sprinkled Coconut Biscuits 500g,FMCGF,KVI
FMCGF,CG77827,CG,3,77827,Parle 20 20 Nice Sugar Sprinkled Coconut Biscuits 500g,FMCGF,KVI
FMCGF,JH77179,JH,1,77179,Parle 20-20 Gold Cashew Cookies | 936 g | Pack of 1,FMCGF,KVI
FMCGF,WB77179,WB,2,77179,Parle 20-20 Gold Cashew Cookies | 936 g | Pack of 1,FMCGF,KVI
FMCGF,CG77179,CG,3,77179,Parle 20-20 Gold Cashew Cookies | 936 g | Pack of 1,FMCGF,KVI
FMCGF,JH94188,JH,1,94188,Parle 20-20 Gold Choco Chips Cookies 400 g,FMCGF,KVI
FMCGF,JH76411,JH,1,76411,Parle Fab Bourbon Chocolate flavoured Biscuits 450g,FMCGF,KVI
FMCGF,WB76411,WB,2,76411,Parle Fab Bourbon Chocolate flavoured Biscuits 450g,FMCGF,KVI
FMCGF,CG76411,CG,3,76411,Parle Fab Bourbon Chocolate flavoured Biscuits 450g,FMCGF,KVI
FMCGF,CG66348,CG,3,66348,Parle G Original Glucose Biscuit 800g,FMCGF,KVI
FMCGF,JH66348,JH,1,66348,Parle G Original Glucose Biscuit 800g,FMCGF,KVI
FMCGF,WB66348,WB,2,66348,Parle G Original Glucose Biscuit 800g,FMCGF,KVI
FMCGF,JH32985,JH,1,32985,Parle Happy Happy Choco Chip Cookies 396g,FMCGF,KVI
FMCGF,WB32985,WB,2,32985,Parle Happy Happy Choco Chip Cookies 396g,FMCGF,KVI
FMCGF,JH78546,JH,1,78546,Parle Hide & Seek B3 G1 Free 400g,FMCGF,KVI
FMCGF,CG78546,CG,3,78546,Parle Hide & Seek B3 G1 Free 400g,FMCGF,KVI
FMCGF,WB78546,WB,2,78546,Parle Hide & Seek B3 G1 Free 400g,FMCGF,KVI
FMCGF,JH75582,JH,1,75582,Parle Hide & Seek Biscuits Chocolate Chip Cookies 412.5g,FMCGF,KVI
FMCGF,WB75582,WB,2,75582,Parle Hide & Seek Biscuits Chocolate Chip Cookies 412.5g,FMCGF,KVI
FMCGF,WB71614,WB,2,71614,Parle Hide & Seek Choco Chip Creme Sandwiches Cookies 400g,FMCGF,KVI
FMCGF,CG16607,CG,3,16607,Parle Krackjack Sweet & Salty Biscuits 352.8g,FMCGF,KVI
FMCGF,JH16607,JH,1,16607,Parle Krackjack Sweet & Salty Biscuits 352.8g,FMCGF,KVI
FMCGF,WB16607,WB,2,16607,Parle Krackjack Sweet & Salty Biscuits 352.8g,FMCGF,KVI
FMCGF,JH43504,JH,1,43504,Parle Marie 4 Stay Fresh Packs Inside 800g,FMCGF,KVI
FMCGF,WB43504,WB,2,43504,Parle Marie 4 Stay Fresh Packs Inside 800g,FMCGF,KVI
FMCGF,CG43504,CG,3,43504,Parle Marie 4 Stay Fresh Packs Inside 800g,FMCGF,KVI
FMCGF,CG68867,CG,3,68867,Parle Monaco Biscuits Classic Regular 371.2g,FMCGF,KVI
FMCGF,JH68867,JH,1,68867,Parle Monaco Biscuits Classic Regular 371.2g,FMCGF,KVI
FMCGF,WB68867,WB,2,68867,Parle Monaco Biscuits Classic Regular 371.2g,FMCGF,KVI
FMCGF,WB43505,WB,2,43505,Parle Nutricrunch Digestives 1 Kg,FMCGF,KVI
FMCGF,JH43505,JH,1,43505,Parle Nutricrunch Digestives 1 Kg,FMCGF,KVI
FMCGF,CG43505,CG,3,43505,Parle Nutricrunch Digestives 1 Kg,FMCGF,KVI
FMCGF,JH77297,JH,1,77297,Parle Rusk Real Elaichi Premium Rusk 1 Kg,FMCGF,KVI
FMCGF,WB77297,WB,2,77297,Parle Rusk Real Elaichi Premium Rusk 1 Kg,FMCGF,KVI
FMCGF,CG77297,CG,3,77297,Parle Rusk Real Elaichi Premium Rusk 1 Kg,FMCGF,KVI
FMCGF,WB4690,WB,2,4690,Pepsi Pet Bottle 2.25 Ltr,FMCGF,KVI
FMCGF,JH4690,JH,1,4690,Pepsi Pet Bottle 2.25 Ltr,FMCGF,KVI
FMCGF,CG4690,CG,3,4690,Pepsi Pet Bottle 2.25 Ltr,FMCGF,KVI
FMCGF,WB15993,WB,2,15993,Prabhuji Aloo Bhujiya Total Masti 400g,FMCGF,KVI
FMCGF,WB4670,WB,2,4670,Prabhuji Elaichi Soan Papdi 400 g,FMCGF,KVI
FMCGF,WB3169,WB,2,3169,Prabhuji Haldirams Khatta Meetha 400g,FMCGF,KVI
FMCGF,WB15806,WB,2,15806,Prabhuji Haldirams Tok Jhal Misti 400g,FMCGF,KVI
FMCGF,JH46951,JH,1,46951,Pramod Brand Bihari Zaika 400g,FMCGF,KVI
FMCGF,JH13146,JH,1,13146,Pramod Jhal Mix Spicy & Tasty 400g,FMCGF,KVI
FMCGF,JH2598,JH,1,2598,Quaker Wholegrain Oats 400g,FMCGF,KVI
FMCGF,WB2598,WB,2,2598,Quaker Wholegrain Oats 400g,FMCGF,KVI
FMCGF,CG2598,CG,3,2598,Quaker Wholegrain Oats 400g,FMCGF,KVI
FMCGF,JH4934,JH,1,4934,Real Fruit Juice Pomegranate 1 Ltr,FMCGF,KVI
FMCGF,JH68913,JH,1,68913,Real Masala Pomegranate Juice | 1 Ltr | Pack of 1,FMCGF,KVI
FMCGF,WB68913,WB,2,68913,Real Masala Pomegranate Juice | 1 Ltr | Pack of 1,FMCGF,KVI
FMCGF,JH4939,JH,1,4939,Real Mixed Fruit Power 1 Ltr,FMCGF,KVI
FMCGF,WB4939,WB,2,4939,Real Mixed Fruit Power 1 Ltr,FMCGF,KVI
FMCGF,JH11519,JH,1,11519,Red Bull Energy Drink 250ml,FMCGF,KVI
FMCGF,CG11326,CG,3,11326,Red Label Natural Care | 250g | Pack of 1,FMCGF,KVI
FMCGF,JH68010,JH,1,68010,Royal Chow Noodles | 500g | Pack of 1,FMCGF,KVI
FMCGF,JH2599,JH,1,2599,Saffola Masala Oats Classic 500g,FMCGF,KVI
FMCGF,CG2599,CG,3,2599,Saffola Masala Oats Classic 500g,FMCGF,KVI
FMCGF,WB2599,WB,2,2599,Saffola Masala Oats Classic 500g,FMCGF,KVI
FMCGF,JH2604,JH,1,2604,Saffola Oats Delicious Creamy Oats 100% Natural High Protein & Fibre Healthy Cereal 500g,FMCGF,KVI
FMCGF,JH2601,JH,1,2601,Saffola Oats Natural 1 Kg + Saffola Oats 300g Free,FMCGF,KVI
FMCGF,WB2601,WB,2,2601,Saffola Oats Natural 1 Kg + Saffola Oats 300g Free,FMCGF,KVI
FMCGF,CG2601,CG,3,2601,Saffola Oats Natural 1 Kg + Saffola Oats 300g Free,FMCGF,KVI
FMCGF,WB96418,WB,2,96418,Shree Ram Bikaneri Bhujia | 1 Kg | Pack of 1,FMCGF,KVI
FMCGF,CG96418,CG,3,96418,Shree Ram Bikaneri Bhujia | 1 Kg | Pack of 1,FMCGF,KVI
FMCGF,WB2921,WB,2,2921,Shree Ram Bikaneri Moong Dal Namkeen 200g,FMCGF,KVI
FMCGF,WB4663,WB,2,4663,Shree Ram Bikaneri Sev Bhujia 400g,FMCGF,KVI
FMCGF,WB3198,WB,2,3198,Shree Ram Mixture 400g,FMCGF,KVI
FMCGF,WB3200,WB,2,3200,Shree Ram Navrattan 400g,FMCGF,KVI
FMCGF,JH27238,JH,1,27238,Shree Ram Papad 200g,FMCGF,KVI
FMCGF,WB27238,WB,2,27238,Shree Ram Papad 200g,FMCGF,KVI
FMCGF,CG27238,CG,3,27238,Shree Ram Papad 200g,FMCGF,KVI
FMCGF,JH3202,JH,1,3202,Shree Ram Papad 360g,FMCGF,KVI
FMCGF,WB3202,WB,2,3202,Shree Ram Papad 360g,FMCGF,KVI
FMCGF,WB69206,WB,2,69206,Slice Thickest Mango Drink 1.75 Ltr,FMCGF,KVI
FMCGF,CG69206,CG,3,69206,Slice Thickest Mango Drink 1.75 Ltr,FMCGF,KVI
FMCGF,JH79079,JH,1,79079,Storia 100% Tender Coconut Water | 1 Ltr | Pack of 1,FMCGF,KVI
FMCGF,WB79079,WB,2,79079,Storia 100% Tender Coconut Water | 1 Ltr | Pack of 1,FMCGF,KVI
FMCGF,CG97160,CG,3,97160,Sunder Garlic Mixture | 700g | Pack of 1,FMCGF,KVI
FMCGF,CG100491,CG,3,100491,Sunder Suji Rusk 1Kg,FMCGF,KVI
FMCGF,CG94353,CG,3,94353,Sunder Surati Mixture 700 g,FMCGF,KVI
FMCGF,WB3069,WB,2,3069,Sundrop Peanut Butter Regular Creamy Jar 924g,FMCGF,KVI
FMCGF,WB95907,WB,2,95907,Sundrop Peanut Butter With Honey Crunchy 300g,FMCGF,KVI
FMCGF,JH28755,JH,1,28755,Sunfeast Dark Fantasy Yumfills Pie 242g,FMCGF,KVI
FMCGF,WB28755,WB,2,28755,Sunfeast Dark Fantasy Yumfills Pie 242g,FMCGF,KVI
FMCGF,CG28755,CG,3,28755,Sunfeast Dark Fantasy Yumfills Pie 242g,FMCGF,KVI
FMCGF,JH34756,JH,1,34756,Sunfeast Yippee Magic Masala | 544g-560g | Pack of 1,FMCGF,KVI
FMCGF,WB34756,WB,2,34756,Sunfeast Yippee Magic Masala | 544g-560g | Pack of 1,FMCGF,KVI
FMCGF,CG34756,CG,3,34756,Sunfeast Yippee Magic Masala | 544g-560g | Pack of 1,FMCGF,KVI
FMCGF,WB12833,WB,2,12833,Tata Tea Agni 1Kg,FMCGF,KVI
FMCGF,JH12833,JH,1,12833,Tata Tea Agni 1Kg,FMCGF,KVI
FMCGF,CG12833,CG,3,12833,Tata Tea Agni 1Kg,FMCGF,KVI
FMCGF,WB2491,WB,2,2491,Tata Tea Agni 250g,FMCGF,KVI
FMCGF,CG2492,CG,3,2492,Tata Tea Agni 500g,FMCGF,KVI
FMCGF,WB2492,WB,2,2492,Tata Tea Agni 500g,FMCGF,KVI
FMCGF,JH2492,JH,1,2492,Tata Tea Agni 500g,FMCGF,KVI
FMCGF,JH2499,JH,1,2499,Tata Tea Agni Leaf 250g,FMCGF,KVI
FMCGF,JH2494,JH,1,2494,Tata Tea Elaichi Chai 250g,FMCGF,KVI
FMCGF,CG2494,CG,3,2494,Tata Tea Elaichi Chai 250g,FMCGF,KVI
FMCGF,WB2494,WB,2,2494,Tata Tea Elaichi Chai 250g,FMCGF,KVI
FMCGF,JH2495,JH,1,2495,Tata Tea Gold 250g,FMCGF,KVI
FMCGF,WB2495,WB,2,2495,Tata Tea Gold 250g,FMCGF,KVI
FMCGF,JH2496,JH,1,2496,Tata Tea Gold 500g,FMCGF,KVI
FMCGF,WB2496,WB,2,2496,Tata Tea Gold 500g,FMCGF,KVI
FMCGF,CG2496,CG,3,2496,Tata Tea Gold 500g,FMCGF,KVI
FMCGF,JH2501,JH,1,2501,Tata Tea Premium Tea 500g Pouch,FMCGF,KVI
FMCGF,JH76403,JH,1,76403,Unibic Cashew Badam Cookies 450g,FMCGF,KVI
FMCGF,CG76403,CG,3,76403,Unibic Cashew Badam Cookies 450g,FMCGF,KVI
FMCGF,WB11986,WB,2,11986,Unibic Choco Chip Cookies | 135g | Pack of 1,FMCGF,KVI
FMCGF,JH71616,JH,1,71616,Unibic Delight Choco Chip Cookies | 450g | Pack of 1,FMCGF,KVI
FMCGF,CG71616,CG,3,71616,Unibic Delight Choco Chip Cookies | 450g | Pack of 1,FMCGF,KVI
FMCGF,JH71617,JH,1,71617,Unibic Delight Fruit & Nut Cookies | 450g | Pack of 1,FMCGF,KVI
FMCGF,CG71617,CG,3,71617,Unibic Delight Fruit & Nut Cookies | 450g | Pack of 1,FMCGF,KVI
FMCGF,WB11987,WB,2,11987,Unibic Fruit and Nut Cookies | 135g | Pack of 1,FMCGF,KVI
FMCGF,CG67654,CG,3,67654,Wagh Bakri Premium Leaf Tea 250g,FMCGF,KVI
FMCGF,WB95487,WB,2,95487,Wai Wai Ready To Eat Chicken Noodles Pack 6In1 | 390 g | Pack of 1,FMCGF,KVI
FMCGF,JH95486,JH,1,95486,Wai Wai Ready To Eat Veg Noodles Pack 6IN1 | 390 g| Pack of 1,FMCGF,KVI
FMCGF,WB95486,WB,2,95486,Wai Wai Ready To Eat Veg Noodles Pack 6IN1 | 390 g| Pack of 1,FMCGF,KVI
FMCGF,CG95486,CG,3,95486,Wai Wai Ready To Eat Veg Noodles Pack 6IN1 | 390 g| Pack of 1,FMCGF,KVI
FMCGF,WB97074,WB,2,97074,सनफीस्ट ग्लूकोज़ प्लस बिस्किट | 1 किग्रा | 1 पैक,FMCGF,KVI
FMCGNF,JH2405,JH,1,2405,Aashirvaad Shudh Chakki Atta 5 Kg,STPLS,Super KVI
FMCGNF,CG2405,CG,3,2405,Aashirvaad Shudh Chakki Atta 5 Kg,STPLS,Super KVI
FMCGNF,WB2405,WB,2,2405,Aashirvaad Shudh Chakki Atta 5 Kg,STPLS,Super KVI
FMCGNF,CG83332,CG,3,83332,Abba Huzur Jsr Lachkari Kolam Rice | 1Kg | Pack of 1,STPLS,Super KVI
FMCGNF,JH104239,JH,1,104239,Almond Badaam Popular 500g,STPLS,KVI
FMCGNF,WB104239,WB,2,104239,Almond Badaam Popular 500g,STPLS,KVI
FMCGNF,CG104239,CG,3,104239,Almond Badaam Popular 500g,STPLS,KVI
FMCGNF,CG85877,CG,3,85877,Amul Cow Ghee 500ml Jar,STPLS,KVI
FMCGNF,CG927,CG,3,927,Amul Pure Ghee 1 Ltr Tetra,STPLS,KVI
FMCGNF,WB927,WB,2,927,Amul Pure Ghee 1 Ltr Tetra,STPLS,KVI
FMCGNF,JH930,JH,1,930,Amul Pure Ghee Pouch 500ml,STPLS,KVI
FMCGNF,JH82190,JH,1,82190,Baba Premium Usna Rice | 26 Kgs,STPLS,KVI
FMCGNF,WB96144,WB,2,96144,Baskati Standard Rice | 1Kg | Loose | Pack of 1,STPLS,KVI
FMCGNF,CG95464,CG,3,95464,Basmati Rice Loose 1 Kg,STPLS,KVI
FMCGNF,JH9661,JH,1,9661,Basmati Sella Loose Rice 1 Kg,STPLS,KVI
FMCGNF,JH95357,JH,1,95357,Brown Chana Small 1 Kg Loose,STPLS,Super KVI
FMCGNF,CG99894,CG,3,99894,Brown Jaggery Loose 1kg,STPLS,KVI
FMCGNF,JH99894,JH,1,99894,Brown Jaggery Loose 1kg,STPLS,KVI
FMCGNF,WB99894,WB,2,99894,Brown Jaggery Loose 1kg,STPLS,KVI
FMCGNF,JH93937,JH,1,93937,Chana Dal Loose 1 Kg,STPLS,Super KVI
FMCGNF,WB93937,WB,2,93937,Chana Dal Loose 1 Kg,STPLS,Super KVI
FMCGNF,CG93937,CG,3,93937,Chana Dal Loose 1 Kg,STPLS,Super KVI
FMCGNF,CG95368,CG,3,95368,Chura Poha Loose 1 Kg,STPLS,Super KVI
FMCGNF,JH95368,JH,1,95368,Chura Poha Loose 1 Kg,STPLS,KVI
FMCGNF,WB95368,WB,2,95368,Chura Poha Loose 1 Kg,STPLS,KVI
FMCGNF,JH103734,JH,1,103734,Crunchi Waves Makhana Regular| 250g | Pack of 1,STPLS,KVI
FMCGNF,WB103734,WB,2,103734,Crunchi Waves Makhana Regular| 250g | Pack of 1,STPLS,KVI
FMCGNF,WB103531,WB,2,103531,Dainik Minikit Rice | 26kg | Pack of 1,STPLS,KVI
FMCGNF,JH682,JH,1,682,Dhaniya Gota Sabut - 250g,STPLS,KVI
FMCGNF,WB682,WB,2,682,Dhaniya Gota Sabut - 250g,STPLS,KVI
FMCGNF,WB10696,WB,2,10696,Dhara Kachi Ghani Mustard Oil 1 Ltr Pouch,STPLS,Super KVI
FMCGNF,CG10696,CG,3,10696,Dhara Kachi Ghani Mustard Oil 1 Ltr Pouch,STPLS,KVI
FMCGNF,WB12916,WB,2,12916,Emami Healthy And Tasty Refined Rice Bran Oil - 730g,STPLS,KVI
FMCGNF,CG2537,CG,3,2537,Everest Turmeric Powder 200g,STPLS,KVI
FMCGNF,CG2621,CG,3,2621,Fortune Besan 500g,STPLS,KVI
FMCGNF,WB2704,WB,2,2704,Fortune Premium Kachi ghani Pure Mustard Oil 1 Ltr Pouch,STPLS,Super KVI
FMCGNF,JH2705,JH,1,2705,Fortune Pure Mustard Oil | 870g Pouch | Pack of 1,STPLS,KVI
FMCGNF,CG2694,CG,3,2694,Fortune Refined Sunflower Oil | 800g | Pack of 1,STPLS,Super KVI
FMCGNF,WB2694,WB,2,2694,Fortune Refined Sunflower Oil | 800g | Pack of 1,STPLS,KVI
FMCGNF,JH2694,JH,1,2694,Fortune Refined Sunflower Oil | 800g | Pack of 1,STPLS,KVI
FMCGNF,CG2714,CG,3,2714,Fortune Rice Bran Oil - 750g,STPLS,KVI
FMCGNF,JH2714,JH,1,2714,Fortune Rice Bran Oil - 750g,STPLS,KVI
FMCGNF,JH2681,JH,1,2681,Fortune Soya Health Refined Soyabean Oil | 750g | Pack of 1,STPLS,KVI
FMCGNF,CG76848,CG,3,76848,Fortune Soya Plus Oil | 840g Pouch | Pack of 1,STPLS,Super KVI
FMCGNF,WB42934,WB,2,42934,Ganesh Chana Besan 500g,STPLS,KVI
FMCGNF,WB13302,WB,2,13302,Ganesh Sooji 500g,STPLS,KVI
FMCGNF,CG690,CG,3,690,Golki Kaali Mirch 100g,STPLS,KVI
FMCGNF,JH690,JH,1,690,Golki Kaali Mirch 100g,STPLS,KVI
FMCGNF,JH8691,JH,1,8691,Gota Garam Masala 50g,STPLS,KVI
FMCGNF,WB93959,WB,2,93959,Govind Bhog Raw Rice Loose 1Kg,STPLS,Super KVI
FMCGNF,WB4774,WB,2,4774,Gowardhan Cow Ghee Jar - 500ml,STPLS,KVI
FMCGNF,CG686,CG,3,686,Green Elaichi 25g,STPLS,KVI
FMCGNF,JH686,JH,1,686,Green Elaichi 25g,STPLS,KVI
FMCGNF,WB686,WB,2,686,Green Elaichi 25g,STPLS,KVI
FMCGNF,CG28473,CG,3,28473,Hareli Refined Rice Bran Oil 1 Ltr,STPLS,Super KVI
FMCGNF,JH2698,JH,1,2698,Hathi Kacchi Ghani Mustard Oil 1 Ltr,STPLS,Super KVI
FMCGNF,CG95453,CG,3,95453,HMT Kolam Rice Loose 1 Kg,STPLS,KVI
FMCGNF,JH2634,JH,1,2634,Jalan Chana Besan 500g,STPLS,KVI
FMCGNF,JH700,JH,1,700,Jeera Sabut 250g,STPLS,Super KVI
FMCGNF,CG700,CG,3,700,Jeera Sabut 250g,STPLS,Super KVI
FMCGNF,WB700,WB,2,700,Jeera Sabut 250g,STPLS,KVI
FMCGNF,CG95373,CG,3,95373,Kabuli Chana Loose - 1Kg,STPLS,KVI
FMCGNF,JH95373,JH,1,95373,Kabuli Chana Loose - 1Kg,STPLS,KVI
FMCGNF,WB95373,WB,2,95373,Kabuli Chana Loose - 1Kg,STPLS,KVI
FMCGNF,JH104240,JH,1,104240,Kaju Cashew Popular 500g,STPLS,KVI
FMCGNF,WB104240,WB,2,104240,Kaju Cashew Popular 500g,STPLS,KVI
FMCGNF,CG104240,CG,3,104240,Kaju Cashew Popular 500g,STPLS,KVI
FMCGNF,CG95466,CG,3,95466,Kala Chana Loose 1 Kg,STPLS,Super KVI
FMCGNF,WB95466,WB,2,95466,Kala Chana Loose 1 Kg,STPLS,KVI
FMCGNF,CG67850,CG,3,67850,Kalimooch Rice Loose 1Kg,STPLS,Super KVI
FMCGNF,CG85006,CG,3,85006,Khatri Chilli Powder 200g,STPLS,KVI
FMCGNF,CG85003,CG,3,85003,Khatri Dhaniya Powder 200g,STPLS,KVI
FMCGNF,CG85633,CG,3,85633,Khatri Haldi Powder 200g,STPLS,KVI
FMCGNF,CG10015,CG,3,10015,Kings Soyabean Oil Pouch | 750g | Pack of 1,STPLS,Super KVI
FMCGNF,WB10015,WB,2,10015,Kings Soyabean Oil Pouch | 750g | Pack of 1,STPLS,Super KVI
FMCGNF,CG68173,CG,3,68173,Kirti Gold Refined Soyabean Oil 1Ltr,STPLS,Super KVI
FMCGNF,JH104241,JH,1,104241,Kismis Raisin Popular 500g,STPLS,KVI
FMCGNF,WB104241,WB,2,104241,Kismis Raisin Popular 500g,STPLS,KVI
FMCGNF,CG104241,CG,3,104241,Kismis Raisin Popular 500g,STPLS,KVI
FMCGNF,CG68178,CG,3,68178,Lal Gulab Mustard Oil 1 Ltr,STPLS,KVI
FMCGNF,JH765,JH,1,765,Lal Mirch Khada With Stick 100g,STPLS,KVI
FMCGNF,WB713,WB,2,713,Lal Mirch Khada Without Stick 100g,STPLS,KVI
FMCGNF,WB81590,WB,2,81590,Lalbaba Superior Miniket Rice 26 Kg,STPLS,KVI
FMCGNF,JH10017,JH,1,10017,Mahakosh Soyabean Oil | 750g | Pack of 1,STPLS,Super KVI
FMCGNF,CG10017,CG,3,10017,Mahakosh Soyabean Oil | 750g | Pack of 1,STPLS,KVI
FMCGNF,CG8689,CG,3,8689,Maida 1 Kg,STPLS,KVI
FMCGNF,JH95370,JH,1,95370,Maida Loose | 1kg,STPLS,KVI
FMCGNF,WB95370,WB,2,95370,Maida Loose | 1kg | Pack of 1,STPLS,Super KVI
FMCGNF,CG93935,CG,3,93935,Masoor Dal Loose 1 Kg,STPLS,KVI
FMCGNF,JH95358,JH,1,95358,Masoor Malka Red Whole 1 Kg Loose,STPLS,Super KVI
FMCGNF,WB95358,WB,2,95358,Masoor Malka Red Whole 1 Kg Loose,STPLS,Super KVI
FMCGNF,JH90233,JH,1,90233,Miniket Boiled Rice 1Kg Loose,STPLS,Super KVI
FMCGNF,WB96160,WB,2,96160,Miniket Regular Rice Loose | 1kg,STPLS,Super KVI
FMCGNF,WB93936,WB,2,93936,Moong Dal Yellow 1 Kg Loose,STPLS,Super KVI
FMCGNF,CG93936,CG,3,93936,Moong Dal Yellow 1 Kg Loose,STPLS,KVI
FMCGNF,JH93936,JH,1,93936,Moong Dal Yellow 1 Kg Loose,STPLS,KVI
FMCGNF,CG10552,CG,3,10552,Mota Sounf 100g,STPLS,KVI
FMCGNF,JH10552,JH,1,10552,Mota Sounf 100g,STPLS,KVI
FMCGNF,CG751,CG,3,751,Mungfali Peanut White 500g,STPLS,KVI
FMCGNF,JH8552,JH,1,8552,Panchkanya Sooji 500g,STPLS,KVI
FMCGNF,JH8445,JH,1,8445,Parrot Haldi Powder 100g,STPLS,KVI
FMCGNF,CG77735,CG,3,77735,Pawan Brand Makhana | 250g | Pack of 1,STPLS,KVI
FMCGNF,WB96335,WB,2,96335,Posta Loose 1Kg,STPLS,Super KVI
FMCGNF,JH68222,JH,1,68222,Premium Usna Loose Rice 1Kg,STPLS,Super KVI
FMCGNF,CG81726,CG,3,81726,Raja Rani Lachkari Kolam Dubar Rice 30 Kg,STPLS,KVI
FMCGNF,WB96145,WB,2,96145,Ratna Boiled Rice Loose 1Kg,STPLS,Super KVI
FMCGNF,JH10706,JH,1,10706,Sachamoti Sabudana 500g,STPLS,KVI
FMCGNF,JH8285,JH,1,8285,Saloni Kachchi Ghani Mustard Oil 1 Ltr,STPLS,Super KVI
FMCGNF,JH9878,JH,1,9878,Shree Bhajan Whole Wheat Atta 5 Kg,STPLS,Super KVI
FMCGNF,WB96133,WB,2,96133,Sona Moong Dal Loose 1 Kg,STPLS,KVI
FMCGNF,JH93951,JH,1,93951,Sonam Steamed Loose Rice,STPLS,KVI
FMCGNF,JH10103,JH,1,10103,Steam Katarni Loose Rice,STPLS,Super KVI
FMCGNF,CG23319,CG,3,23319,Sunder Sakhi Suji | 500g | Pack of 1,STPLS,KVI
FMCGNF,WB28122,WB,2,28122,Sunrise Pure Haldi Powder 200g,STPLS,KVI
FMCGNF,JH93934,JH,1,93934,Toor Dal Loose | 1Kg,STPLS,Super KVI
FMCGNF,CG93934,CG,3,93934,Toor Dal Loose | 1Kg,STPLS,Super KVI
FMCGNF,WB93934,WB,2,93934,Toor Dal Loose | 1Kg,STPLS,Super KVI
FMCGNF,WB96272,WB,2,96272,Tulsi Bhog Rice Loose 1 Kg,STPLS,KVI
FMCGNF,WB95356,WB,2,95356,Wheat Atta 1 Kg Loose,STPLS,Super KVI
FMCGNF,JH95356,JH,1,95356,Wheat Atta 1 Kg Loose,STPLS,Super KVI
FMCGNF,CG95356,CG,3,95356,Wheat Atta 1 Kg Loose,STPLS,Super KVI
FMCGNF,JH90513,JH,1,90513,White Crystal Sugar | 1 Kg | Pack of 1,STPLS,Super KVI
FMCGNF,WB90513,WB,2,90513,White Crystal Sugar | 1 Kg | Pack of 1,STPLS,Super KVI
FMCGNF,CG90513,CG,3,90513,White Crystal Sugar | 1 Kg | Pack of 1,STPLS,Super KVI
FMCGNF,CG79085,CG,3,79085,White Platinum Super Rice 26 Kg,STPLS,KVI
FMCGNF,WB95367,WB,2,95367,Whole Grain Basmati Rice 1 Kg Loose,STPLS,KVI
FMCGNF,JH95367,JH,1,95367,Whole Grain Basmati Rice 1 Kg Loose,STPLS,KVI
FMCGNF,JH4286,JH,1,4286,Surf Excel Easy Wash Detergent Powder | 1 Kg | Pack of 1,FMCGNF,KVI
FMCGNF,JH838,JH,1,838,Active Wheel 2 in 1 Clean & Fresh Detergent Powder 1kg,FMCGNF,KVI
FMCGNF,JH8080,JH,1,8080,Surf Excel Easy Wash 500g,FMCGNF,KVI
FMCGNF,CG4286,CG,3,4286,Surf Excel Easy Wash Detergent Powder | 1 Kg | Pack of 1,FMCGNF,KVI
FMCGNF,WB4286,WB,2,4286,Surf Excel Easy Wash Detergent Powder | 1 Kg | Pack of 1,FMCGNF,KVI
FMCGNF,WB14334,WB,2,14334,Sunlight Detergent Powder 1 kg,FMCGNF,KVI
FMCGNF,WB8080,WB,2,8080,Surf Excel Easy Wash 500g,FMCGNF,KVI
FMCGNF,JH5056,JH,1,5056,Surf Excel Easy Wash Detergent Powder 1.5 Kg,FMCGNF,KVI
FMCGNF,CG10588,CG,3,10588,Ghadi Detergent Powder 1 Kg,FMCGNF,KVI
FMCGNF,CG22682,CG,3,22682,Ghadi Detergent Powder 3 Kg,FMCGNF,KVI
FMCGNF,WB76434,WB,2,76434,Good Knight Gold Flash Mosquito Repellent Refill 45ml 2N,FMCGNF,KVI
FMCGNF,JH840,JH,1,840,Active Wheel 2in1 Detergent Powder 500g,FMCGNF,KVI
FMCGNF,JH8328,JH,1,8328,Harpic Power Plus Original Toilet Cleaner 500ml,FMCGNF,KVI
FMCGNF,JH22682,JH,1,22682,Ghadi Detergent Powder 3 Kg,FMCGNF,KVI
FMCGNF,JH86569,JH,1,86569,Lux Ultimate Glow Jasmine Vitamin C+E Soap 100g*4N,FMCGNF,KVI
FMCGNF,WB96128,WB,2,96128,Safed Detergent Powder Pouch 1 Kg,FMCGNF,KVI
FMCGNF,CG838,CG,3,838,Active Wheel 2 in 1 Clean & Fresh Detergent Powder 1kg,FMCGNF,KVI
FMCGNF,CG8080,CG,3,8080,Surf Excel Easy Wash 500g,FMCGNF,KVI
FMCGNF,WB17443,WB,2,17443,Sunlight Detergent Powder Pouch 500g,FMCGNF,KVI
FMCGNF,JH10588,JH,1,10588,Ghadi Detergent Powder 1 Kg,FMCGNF,KVI
FMCGNF,JH15846,JH,1,15846,Surf Excel Detergent Bar | 200g x 4 | Pack of 4,FMCGNF,KVI
FMCGNF,JH23525,JH,1,23525,Sensodyne Sensitive Soft Toothbrush | Buy 2 Get 1 Free | Pack of 3,FMCGNF,KVI
FMCGNF,WB5026,WB,2,5026,Sensodyne Toothpaste Fresh Gel 150g,FMCGNF,KVI
FMCGNF,WB8328,WB,2,8328,Harpic Power Plus Original Toilet Cleaner 500ml,FMCGNF,KVI
FMCGNF,JH1513,JH,1,1513,Dettol Original Soap Bar 5 X 100g Set 4+1,FMCGNF,KVI
FMCGNF,WB8063,WB,2,8063,Harpic Power Plus 10X Max Toilet Cleaner 900ml,FMCGNF,KVI
FMCGNF,JH82422,JH,1,82422,Stayfree Secure Cottony Extra Large 18N,FMCGNF,KVI
FMCGNF,JH8063,JH,1,8063,Harpic Power Plus 10X Max Toilet Cleaner 900ml,FMCGNF,KVI
FMCGNF,JH1363,JH,1,1363,Colgate Dental Cream Strong Teeth Toothpaste 200g,FMCGNF,KVI
FMCGNF,JH23642,JH,1,23642,Parachute Coconut Oil Bottle | 600ml | Pack of 1,FMCGNF,KVI
FMCGNF,WB5056,WB,2,5056,Surf Excel Easy Wash Detergent Powder 1.5 Kg,FMCGNF,KVI
FMCGNF,JH5026,JH,1,5026,Sensodyne Toothpaste Fresh Gel 150g,FMCGNF,KVI
FMCGNF,WB87465,WB,2,87465,Good Knight Gold Flash Liquid Vapouriser Refill 1N,FMCGNF,KVI
FMCGNF,WB4315,WB,2,4315,Vim Dish Wash Bar Best Ever Tub | 500g | Pack of 1,FMCGNF,KVI
FMCGNF,JH5024,JH,1,5024,Sensodyne Repair & Protect 100g,FMCGNF,KVI
FMCGNF,CG8328,CG,3,8328,Harpic Power Plus Original Toilet Cleaner 500ml,FMCGNF,KVI
FMCGNF,JH4315,JH,1,4315,Vim Dish Wash Bar Best Ever Tub | 500g | Pack of 1,FMCGNF,KVI
FMCGNF,JH5185,JH,1,5185,Surf Excel Easy Wash 3 Kg,FMCGNF,KVI
FMCGNF,JH11272,JH,1,11272,Colgate Strong Teeth Toothpaste (Free 15% Extra) 100 g,FMCGNF,KVI
FMCGNF,WB4334,WB,2,4334,Good Knight Flash Combo Pack Machine + Refill 1 N,FMCGNF,KVI
FMCGNF,JH5003,JH,1,5003,Parachute Coconut Oil Bottle | 100ml | Pack of 1,FMCGNF,KVI
FMCGNF,WB5024,WB,2,5024,Sensodyne Repair & Protect 100g,FMCGNF,KVI
FMCGNF,WB86569,WB,2,86569,Lux Ultimate Glow Jasmine Vitamin C+E Soap 100g*4N,FMCGNF,KVI
FMCGNF,JH12463,JH,1,12463,Parachute Coconut Oil Bottle 200ml,FMCGNF,KVI
FMCGNF,JH4329,JH,1,4329,Good Knight Power Activ+ Refills | 45ml | Pack of 2,FMCGNF,KVI
FMCGNF,JH5028,JH,1,5028,Sensodyne Toothpaste Fresh Gel 75g,FMCGNF,KVI
FMCGNF,JH9963,JH,1,9963,Stay Free Cotton Extra Large 40 Pads,FMCGNF,KVI
FMCGNF,JH76434,JH,1,76434,Good Knight Gold Flash Mosquito Repellent Refill 45ml 2N,FMCGNF,KVI
FMCGNF,JH67638,JH,1,67638,Ponds Super Light Gel Hydrated Glow 50ml,FMCGNF,KVI
FMCGNF,WB2628,WB,2,2628,Jac Olivol Body Oil 300ml,FMCGNF,KVI
FMCGNF,JH1362,JH,1,1362,Colgate Cibaca Toothpaste 175g,FMCGNF,KVI
FMCGNF,WB5029,WB,2,5029,Sensodyne Toothpaste Fresh Mint 150g,FMCGNF,KVI
FMCGNF,WB23525,WB,2,23525,Sensodyne Sensitive Soft Toothbrush | Buy 2 Get 1 Free | Pack of 3,FMCGNF,KVI
FMCGNF,CG4329,CG,3,4329,Good Knight Power Activ+ Refills | 45ml | Pack of 2,FMCGNF,KVI
FMCGNF,JH10666,JH,1,10666,Dettol Skincare Liquid Hand Wash 675ml,FMCGNF,KVI
FMCGNF,JH4115,JH,1,4115,Godrej No 1 Sandal Turmeric Soap 100g 5 Pcs,FMCGNF,KVI
FMCGNF,JH82804,JH,1,82804,Pampers Happy Skin Pants M 7 To 12 kg Pack of 30,FMCGNF,KVI
FMCGNF,CG8063,CG,3,8063,Harpic Power Plus 10X Max Toilet Cleaner 900ml,FMCGNF,KVI
FMCGNF,JH33011,JH,1,33011,Close Up Everfresh Plus Zinc Fresh Technology Toothpaste 150g,FMCGNF,KVI
FMCGNF,WB5023,WB,2,5023,Sensodyne Rapid Relief Toothpaste 80g,FMCGNF,KVI
FMCGNF,WB11272,WB,2,11272,Colgate Strong Teeth Toothpaste (Free 15% Extra) 100 g,FMCGNF,KVI
FMCGNF,JH10665,JH,1,10665,Dettol Original Liquid Hand Wash 650ml,FMCGNF,KVI
FMCGNF,JH4736,JH,1,4736,Himalaya Purifying Neem Face Wash 100ml,FMCGNF,KVI
FMCGNF,CG15846,CG,3,15846,Surf Excel Detergent Bar | 200g x 4 | Pack of 4,FMCGNF,KVI
FMCGNF,WB23642,WB,2,23642,Parachute Coconut Oil Bottle | 600ml | Pack of 1,FMCGNF,KVI
FMCGNF,JH13697,JH,1,13697,"MamyPoko All Night Absorb Baby Diaper Pants (M, 7 - 12 kg - 15 Diapers)",FMCGNF,KVI
FMCGNF,CG76434,CG,3,76434,Good Knight Gold Flash Mosquito Repellent Refill 45ml 2N,FMCGNF,KVI
FMCGNF,WB1363,WB,2,1363,Colgate Dental Cream Strong Teeth Toothpaste 200g,FMCGNF,KVI
FMCGNF,WB11989,WB,2,11989,Sensodyne Repair And Protect Toothpaste 70g,FMCGNF,KVI
FMCGNF,WB67638,WB,2,67638,Ponds Super Light Gel Hydrated Glow 50ml,FMCGNF,KVI
FMCGNF,WB4981,WB,2,4981,Nihar Naturals Hair Oil Methi Extract Jasmine | 200ml | Pack of 1,FMCGNF,KVI
FMCGNF,CG3684,CG,3,3684,Nivea Soft Light Moisture | 100ml | Pack of 1,FMCGNF,KVI
FMCGNF,JH5023,JH,1,5023,Sensodyne Rapid Relief Toothpaste 80g,FMCGNF,KVI
FMCGNF,WB4246,WB,2,4246,Harpic Floral Bathroom Cleaner 500ml,FMCGNF,KVI
FMCGNF,WB22682,WB,2,22682,Ghadi Detergent Powder 3 Kg,FMCGNF,KVI
FMCGNF,JH4251,JH,1,4251,Lizol Citrus Surface Cleaner 500ml,FMCGNF,KVI
FMCGNF,JH1327,JH,1,1327,Clean & Clear Foaming Face Wash 50ml,FMCGNF,KVI
FMCGNF,CG23642,CG,3,23642,Parachute Coconut Oil Bottle | 600ml | Pack of 1,FMCGNF,KVI
FMCGNF,JH12622,JH,1,12622,"MamyPoko All Night Absorb Baby Diaper Pants (L, 9 - 14 kg - 13 Diapers)",FMCGNF,KVI
FMCGNF,JH1353,JH,1,1353,Colgate Maxfresh Red 150g,FMCGNF,KVI
FMCGNF,JH1562,JH,1,1562,Dove Cream Beauty Bathing Bar 100g,FMCGNF,KVI
FMCGNF,WB8395,WB,2,8395,Colgate Max Fresh Cooling Crystals Spicy Fresh Toothpaste 2x150g,FMCGNF,KVI
FMCGNF,CG27354,CG,3,27354,Parachute Coconut Oil Bottle 300ml,FMCGNF,KVI
FMCGNF,WB4251,WB,2,4251,Lizol Citrus Surface Cleaner 500ml,FMCGNF,KVI
FMCGNF,JH963,JH,1,963,Bajaj Almond Drops Hair Oil 95ml,FMCGNF,KVI
FMCGNF,WB79399,WB,2,79399,Lakme Peach Milk 24 Hour Moisture Lock Non Sticky Soft Creme 50g,FMCGNF,KVI
FMCGNF,JH1332,JH,1,1332,Clinic Plus Strong & Long Health Shampoo 175ml,FMCGNF,KVI
FMCGNF,WB4288,WB,2,4288,Surf Excel Quick Wash Detergent 500g,FMCGNF,KVI
FMCGNF,WB8580,WB,2,8580,Vim Liquid Dish Washing Gel 250ml,FMCGNF,KVI
FMCGNF,JH5029,JH,1,5029,Sensodyne Toothpaste Fresh Mint 150g,FMCGNF,KVI
FMCGNF,CG4251,CG,3,4251,Lizol Citrus Surface Cleaner 500ml,FMCGNF,KVI
FMCGNF,JH4330,JH,1,4330,Good knight Power Activ+ Liquid Vapourizer Refill 45ml,FMCGNF,KVI
FMCGNF,WB77772,WB,2,77772,Colin Sparkling Shine Glass & Multisurface Cleaner 500ml,FMCGNF,KVI
FMCGNF,WB46920,WB,2,46920,Mortein Insta Mosquito Repellent Refill | 45ml | Pack of 3 (B2G1 Free),FMCGNF,KVI
FMCGNF,WB1353,WB,2,1353,Colgate Maxfresh Red 150g,FMCGNF,KVI
FMCGNF,JH11578,JH,1,11578,Whisper Choice Ultra XL 6 Pads,FMCGNF,KVI
FMCGNF,CG77772,CG,3,77772,Colin Sparkling Shine Glass & Multisurface Cleaner 500ml,FMCGNF,KVI
FMCGNF,JH4288,JH,1,4288,Surf Excel Quick Wash Detergent 500g,FMCGNF,KVI
FMCGNF,JH5030,JH,1,5030,Sensodyne Toothpaste Fresh Mint 75g,FMCGNF,KVI
FMCGNF,WB67616,WB,2,67616,Colgate Max Fresh Toothpaste 81g,FMCGNF,KVI
FMCGNF,JH15737,JH,1,15737,Whisper Choice XL 280mm 18N,FMCGNF,KVI
FMCGNF,JH964,JH,1,964,Bajaj Almond Drops Hair Oil | 180ml | Pack of 1,FMCGNF,KVI
FMCGNF,JH4144,JH,1,4144,Margo Original Neem Vitamin E Moisturizing Soap| 500g | Buy 4 Get 1 Free,FMCGNF,KVI
FMCGNF,JH4172,JH,1,4172,Pears Pure And Gentle Body Wash 250ml,FMCGNF,KVI
FMCGNF,JH4704,JH,1,4704,Everyuth Naturals Walnut Scrub | 50g | Pack of 1,FMCGNF,KVI
FMCGNF,WB27354,WB,2,27354,Parachute Coconut Oil Bottle 300ml,FMCGNF,KVI
FMCGNF,CG4330,CG,3,4330,Good knight Power Activ+ Liquid Vapourizer Refill 45ml,FMCGNF,KVI
FMCGNF,JH8305,JH,1,8305,Dabur Red Paste 200g,FMCGNF,KVI
FMCGNF,JH1326,JH,1,1326,Clean & Clear Foaming Face Wash 100ml,FMCGNF,KVI
FMCGNF,CG12463,CG,3,12463,Parachute Coconut Oil Bottle 200ml,FMCGNF,KVI
FMCGNF,JH77772,JH,1,77772,Colin Sparkling Shine Glass & Multisurface Cleaner 500ml,FMCGNF,KVI
FMCGNF,WB10804,WB,2,10804,Colgate Active Salt Toothpaste 200g,FMCGNF,KVI
FMCGNF,WB1468,WB,2,1468,Dabur Red Toothpaste 100g,FMCGNF,KVI
FMCGNF,JH87576,JH,1,87576,Pond's Bright Beauty Serum Cream | 24 g | Pack of 1,FMCGNF,KVI
FMCGNF,JH8555,JH,1,8555,Sunsilk Black Shampoo 180ml,FMCGNF,KVI
FMCGNF,CG5003,CG,3,5003,Parachute Coconut Oil Bottle | 100ml | Pack of 1,FMCGNF,KVI
FMCGNF,JH4166,JH,1,4166,Pears Pure & Gentle Bathing Bar 75g*4N,FMCGNF,KVI
FMCGNF,WB12463,WB,2,12463,Parachute Coconut Oil Bottle 200ml,FMCGNF,KVI
FMCGNF,WB3911,WB,2,3911,Tresemme Keratin Smooth Argan Oil Shampoo 180ml,FMCGNF,KVI
FMCGNF,WB29164,WB,2,29164,Odonil Assorted Air Freshener | 192g | Pack of 4,FMCGNF,KVI
FMCGNF,JH4170,JH,1,4170,Pears Pure & Gentle Soap | 100g | Pack of 1,FMCGNF,KVI
FMCGNF,JH9964,JH,1,9964,Stay Free Cotton Extra Large 12 Pads,FMCGNF,KVI
FMCGNF,WB8396,WB,2,8396,Colgate Strong Teeth Toothpaste | 250g x 2 | Pack of 2,FMCGNF,KVI
FMCGNF,JH69635,JH,1,69635,Glow & Lovely Advanced Multivitamin Face Cream 110g,FMCGNF,KVI
FMCGNF,WB8305,WB,2,8305,Dabur Red Paste 200g,FMCGNF,KVI
FMCGNF,JH4732,JH,1,4732,Himalaya Purifying Neem Face Wash | 200ml | Buy 1 Get 1 Free,FMCGNF,KVI
FMCGNF,WB10665,WB,2,10665,Dettol Original Liquid Hand Wash 650ml,FMCGNF,KVI
FMCGNF,JH85252,JH,1,85252,Garnier Bright Complete Vitamin C Foam Face Wash 50g,FMCGNF,KVI
FMCGNF,JH11600,JH,1,11600,Loreal Paris Total Repair 5 Damaged Hair shampoo 180ml,FMCGNF,KVI
FMCGNF,CG11272,CG,3,11272,Colgate Strong Teeth Toothpaste (Free 15% Extra) 100 g,FMCGNF,KVI
FMCGNF,WB4114,WB,2,4114,Godrej No 1 Lime And Aloevera Soap 100g 5 Pcs,FMCGNF,KVI
FMCGNF,WB4093,WB,2,4093,Fiama Gel Bar Soap Blackcurrant And Bearberry | 625g| Pack of 5,FMCGNF,KVI
FMCGNF,JH16574,JH,1,16574,Gillette Venus Razor Pink | 1N | Pack of 1,FMCGNF,KVI
FMCGNF,CG5056,CG,3,5056,Surf Excel Easy Wash Detergent Powder 1.5 Kg,FMCGNF,KVI
FMCGNF,WB4732,WB,2,4732,Himalaya Purifying Neem Face Wash | 200ml | Buy 1 Get 1 Free,FMCGNF,KVI
FMCGNF,CG4261,CG,3,4261,Pitambari Copper Brass Cleaner 200g,FMCGNF,KVI
FMCGNF,CG5024,CG,3,5024,Sensodyne Repair & Protect 100g,FMCGNF,KVI
FMCGNF,CG23525,CG,3,23525,Sensodyne Sensitive Soft Toothbrush | Buy 2 Get 1 Free | Pack of 3,FMCGNF,KVI
FMCGNF,WB8280,WB,2,8280,Hit Cockroaches Killer Spray 625ml,FMCGNF,KVI
FMCGNF,CG1363,CG,3,1363,Colgate Dental Cream Strong Teeth Toothpaste 200g,FMCGNF,KVI
FMCGNF,JH23407,JH,1,23407,Sensodyne Sensitive Toothbrush 1N,FMCGNF,KVI
FMCGNF,WB12422,WB,2,12422,Lifebuoy Germ Expert Soap | 125g | Pack of 4,FMCGNF,KVI
FMCGNF,CG97055,CG,3,97055,Santoor Sandal & Turmeric Soap 125gm x 4 N,FMCGNF,KVI
FMCGNF,JH10031,JH,1,10031,Sunsilk Stunning Black Shine Shampoo 350ml,FMCGNF,KVI
FMCGNF,JH32983,JH,1,32983,Parachute Advanced Gold Coconut Hair Oil 190 Ml,FMCGNF,KVI
FMCGNF,JH12963,JH,1,12963,Dove Nutritive Solution Hair Fall Rescue Shampoo 180ml,FMCGNF,KVI
FMCGNF,CG4172,CG,3,4172,Pears Pure And Gentle Body Wash 250ml,FMCGNF,KVI
FMCGNF,CG5028,CG,3,5028,Sensodyne Toothpaste Fresh Gel 75g,FMCGNF,KVI
FMCGNF,CG11207,CG,3,11207,Harpic Lemon Bathroom Cleaner 500ml,FMCGNF,KVI
FMCGNF,CG5026,CG,3,5026,Sensodyne Toothpaste Fresh Gel 150g,FMCGNF,KVI
FMCGNF,JH1492,JH,1,1492,Denver Hamilton Deodorant | 150 ml | Pack of 1,FMCGNF,KVI
FMCGNF,WB33011,WB,2,33011,Close Up Everfresh Plus Zinc Fresh Technology Toothpaste 150g,FMCGNF,KVI
FMCGNF,CG4114,CG,3,4114,Godrej No 1 Lime And Aloevera Soap 100g 5 Pcs,FMCGNF,KVI
FMCGNF,WB10812,WB,2,10812,Colgate Visible White Toothpaste 100g,FMCGNF,KVI
FMCGNF,JH4734,JH,1,4734,Himalaya Purifying Neem Face Wash Tube 150ml,FMCGNF,KVI
FMCGNF,JH4335,JH,1,4335,Hit Cockroach Repellent | 400ml | Pack of 1,FMCGNF,KVI
FMCGNF,JH87465,JH,1,87465,Good Knight Gold Flash Liquid Vapouriser Refill 1N,FMCGNF,KVI
FMCGNF,WB15846,WB,2,15846,Surf Excel Detergent Bar | 200g x 4 | Pack of 4,FMCGNF,KVI
FMCGNF,WB4765,WB,2,4765,Himalaya Herbals Complete Care Toothpaste 150g,FMCGNF,KVI
FMCGNF,WB11600,WB,2,11600,Loreal Paris Total Repair 5 Damaged Hair shampoo 180ml,FMCGNF,KVI
FMCGNF,CG33011,CG,3,33011,Close Up Everfresh Plus Zinc Fresh Technology Toothpaste 150g,FMCGNF,KVI
FMCGNF,JH4201,JH,1,4201,Santoor Sandal & Turmeric Soap | 4x100g | Pack of 4,FMCGNF,KVI
FMCGNF,WB3892,WB,2,3892,Streax Hair Serum Vitamin C with Walnut Oil 45ml,FMCGNF,KVI
FMCGNF,JH3739,JH,1,3739,Garnier Color Naturals Natural Black Shade 1 Hair Color 70ml + 60g,FMCGNF,KVI
FMCGNF,WB9244,WB,2,9244,Colgate Anticavity Dental Care Toothpaste 200g+100g & Brush Free,FMCGNF,KVI
FMCGNF,WB4736,WB,2,4736,Himalaya Purifying Neem Face Wash 100ml,FMCGNF,KVI
FMCGNF,WB1332,WB,2,1332,Clinic Plus Strong & Long Health Shampoo 175ml,FMCGNF,KVI
FMCGNF,CG69709,CG,3,69709,Lux Fresh Glow 100g 4N,FMCGNF,KVI
FMCGNF,CG77213,CG,3,77213,Active Wheel 2 In 1 Detergent Powder 2 Kg,FMCGNF,KVI
FMCGNF,JH72174,JH,1,72174,Dove Pink Beauty Bathing Bar 100g,FMCGNF,KVI
FMCGNF,CG1613,CG,3,1613,Godrej Cinthol Lime Soap 75g Set Of 4,FMCGNF,KVI
FMCGNF,JH97517,JH,1,97517,Dettol Original Soap 150g Pack Of 4,FMCGNF,KVI
FMCGNF,CG4201,CG,3,4201,Santoor Sandal & Turmeric Soap | 4x100g | Pack of 4,FMCGNF,KVI
FMCGNF,JH4985,JH,1,4985,Parachute Advanced Aloe Vera Enriched Coconut Hair Oil 250ml,FMCGNF,KVI
FMCGNF,WB4724,WB,2,4724,Himalaya Face Wash Purifying Neem Tube 50ml,FMCGNF,KVI
FMCGNF,CG1562,CG,3,1562,Dove Cream Beauty Bathing Bar 100g,FMCGNF,KVI
FMCGNF,WB10809,WB,2,10809,Colgate Max Fresh Cooling Crystals Peppermint Ice Toothpaste | 70g + 11g Free | Pack of 1,FMCGNF,KVI
FMCGNF,JH4337,JH,1,4337,Hit Hidden Cockroaches Repellant 200ml,FMCGNF,KVI
FMCGNF,CG13725,CG,3,13725,Dove Cream Beauty Bathing Bar 125*3 Set,FMCGNF,KVI
FMCGNF,JH97027,JH,1,97027,Dettol Icy Cool Soap 100g x 5N,FMCGNF,KVI
FMCGNF,CG4985,CG,3,4985,Parachute Advanced Aloe Vera Enriched Coconut Hair Oil 250ml,FMCGNF,KVI
FMCGNF,WB1327,WB,2,1327,Clean & Clear Foaming Face Wash 50ml,FMCGNF,KVI
FMCGNF,JH11989,JH,1,11989,Sensodyne Repair And Protect Toothpaste 70g,FMCGNF,KVI
FMCGNF,WB8555,WB,2,8555,Sunsilk Black Shampoo 180ml,FMCGNF,KVI
FMCGNF,CG36818,CG,3,36818,Medimix Ayurvedic 18 Herbs Soap 450g,FMCGNF,KVI
FMCGNF,WB15865,WB,2,15865,Tresemme Keratin Smooth With Keratin & Argan Shampoo 340ml,FMCGNF,KVI
FMCGNF,JH77843,JH,1,77843,L'Oréal Paris Hyaluron Moisture Hyaluronic Acid Shampoo | 180ml | Pack of 1,FMCGNF,KVI
FMCGNF,CG97517,CG,3,97517,Dettol Original Soap 150g Pack Of 4,FMCGNF,KVI
FMCGNF,CG965,CG,3,965,Bajaj Almond Drops Hair Oil 285ml,FMCGNF,KVI
FMCGNF,JH4173,JH,1,4173,Pears Soft & Fresh Soap Bar 100g,FMCGNF,KVI
FMCGNF,JH3810,JH,1,3810,Livon Silky Hair Serum 50ml,FMCGNF,KVI
FMCGNF,CG10666,CG,3,10666,Dettol Skincare Liquid Hand Wash 675ml,FMCGNF,KVI
FMCGNF,WB4987,WB,2,4987,Parachute Advanced Gold Coconut Hair Oil 500ml | Pack of 1,FMCGNF,KVI
FMCGNF,CG4288,CG,3,4288,Surf Excel Quick Wash Detergent 500g,FMCGNF,KVI
FMCGNF,WB12963,WB,2,12963,Dove Nutritive Solution Hair Fall Rescue Shampoo 180ml,FMCGNF,KVI
FMCGNF,CG4109,CG,3,4109,Godrej No 1 Jasmine Milk Cream 5x100g + B4 G1F + Rotomac,FMCGNF,KVI
FMCGNF,CG8408,CG,3,8408,Dove Beauty Bathing Bar 3x75g,FMCGNF,KVI
FMCGNF,WB1326,WB,2,1326,Clean & Clear Foaming Face Wash 100ml,FMCGNF,KVI
FMCGNF,JH4724,JH,1,4724,Himalaya Face Wash Purifying Neem Tube 50ml,FMCGNF,KVI
FMCGNF,WB4335,WB,2,4335,Hit Cockroach Repellent | 400ml | Pack of 1,FMCGNF,KVI
FMCGNF,CG4115,CG,3,4115,Godrej No 1 Sandal Turmeric Soap 100g 5 Pcs,FMCGNF,KVI
FMCGNF,CG78656,CG,3,78656,Sensodyne Sensitive Soft Toothbrush 4N,FMCGNF,KVI
FMCGNF,WB3822,WB,2,3822,Loreal Paris Fall Repairs 3x Shampoo 180ml,FMCGNF,KVI
FMCGNF,WB77843,WB,2,77843,L'Oréal Paris Hyaluron Moisture Hyaluronic Acid Shampoo | 180ml | Pack of 1,FMCGNF,KVI
FMCGNF,JH1578,JH,1,1578,Dove Daily Shine Shampoo 180ml,FMCGNF,KVI
FMCGNF,WB85722,WB,2,85722,Pepsodent Advanced Anti Germ Formula Toothpaste 200g,FMCGNF,KVI
FMCGNF,CG4170,CG,3,4170,Pears Pure & Gentle Soap | 100g | Pack of 1,FMCGNF,KVI
FMCGNF,WB3910,WB,2,3910,Tresemme Hair Fall Defence Shampoo 185ml,FMCGNF,KVI
FMCGNF,WB1613,WB,2,1613,Godrej Cinthol Lime Soap 75g Set Of 4,FMCGNF,KVI
FMCGNF,CG11600,CG,3,11600,Loreal Paris Total Repair 5 Damaged Hair shampoo 180ml,FMCGNF,KVI
FMCGNF,WB33009,WB,2,33009,Close Up Everfresh Plus Zinc Fresh Technology Toothpaste 2x150g,FMCGNF,KVI
FMCGNF,WB10807,WB,2,10807,Colgate Max Fresh Cooling Crystals Peppermint Ice Toothpaste 300g,FMCGNF,KVI
FMCGNF,JH78652,JH,1,78652,Bajaj 100% Pure Coconut Oil | 547.2g | Pack of 1,FMCGNF,KVI
FMCGNF,JH14452,JH,1,14452,Santoor Classic Gentle Hand Wash 650ml,FMCGNF,KVI
FMCGNF,WB11595,WB,2,11595,Sunsilk Thick And Long Shampoo 350ml,FMCGNF,KVI
FMCGNF,WB3798,WB,2,3798,Loreal Hair Total Repair Hair Conditioner 180ml,FMCGNF,KVI
FMCGNF,CG4724,CG,3,4724,Himalaya Face Wash Purifying Neem Tube 50ml,FMCGNF,KVI
FMCGNF,CG8555,CG,3,8555,Sunsilk Black Shampoo 180ml,FMCGNF,KVI
FMCGNF,CG4736,CG,3,4736,Himalaya Purifying Neem Face Wash 100ml,FMCGNF,KVI
FMCGNF,WB3819,WB,2,3819,Loreal Paris 6 Oil Nourishing Conditioner 180ml,FMCGNF,KVI
FMCGNF,JH11708,JH,1,11708,Dove Daily Shine Conditioner 175ml,FMCGNF,KVI
FMCGNF,CG15996,CG,3,15996,Godrej No. 1 Rosewater Almond Soap Bar 100gx5N B4G1 Free,FMCGNF,KVI
FMCGNF,WB10031,WB,2,10031,Sunsilk Stunning Black Shine Shampoo 350ml,FMCGNF,KVI
FMCGNF,CG4337,CG,3,4337,Hit Hidden Cockroaches Repellant 200ml,FMCGNF,KVI
FMCGNF,WB81190,WB,2,81190,Lakme Blush & Glow Strawberry Blast Face wash 100g,FMCGNF,KVI
FMCGNF,CG1611,CG,3,1611,Godrej Cinthol Cool Soap 75g*4,FMCGNF,KVI
FMCGNF,CG1327,CG,3,1327,Clean & Clear Foaming Face Wash 50ml,FMCGNF,KVI
FMCGNF,WB13737,WB,2,13737,Dove Hair Fall Rescue Shampoo 340ml,FMCGNF,KVI
FMCGNF,CG12968,CG,3,12968,Garnier Bright Complete Foam Face Wash 100g,FMCGNF,KVI
FMCGNF,CG33009,CG,3,33009,Close Up Everfresh Plus Zinc Fresh Technology Toothpaste 2x150g,FMCGNF,KVI
FMCGNF,CG32983,CG,3,32983,Parachute Advanced Gold Coconut Hair Oil 190 Ml,FMCGNF,KVI
FMCGNF,CG72174,CG,3,72174,Dove Pink Beauty Bathing Bar 100g,FMCGNF,KVI
FMCGNF,JH1507,JH,1,1507,Dettol Hand Wash Original 175ml,FMCGNF,KVI
FMCGNF,CG97042,CG,3,97042,Dettol Skincare Soap 100gX 4N,FMCGNF,KVI
FMCGNF,WB97517,WB,2,97517,Dettol Original Soap 150g Pack Of 4,FMCGNF,KVI
FMCGNF,CG78652,CG,3,78652,Bajaj 100% Pure Coconut Oil | 547.2g | Pack of 1,FMCGNF,KVI
FMCGNF,CG76388,CG,3,76388,Close Up Everfresh Plus Zinc Fresh Technology Toothpaste 80g,FMCGNF,KVI
FMCGNF,CG1326,CG,3,1326,Clean & Clear Foaming Face Wash 100ml,FMCGNF,KVI
FMCGNF,CG87576,CG,3,87576,Pond's Bright Beauty Serum Cream | 24 g | Pack of 1,FMCGNF,KVI
FMCGNF,WB1568,WB,2,1568,Dove Daily Shine Shampoo 340ml,FMCGNF,KVI
FMCGNF,WB1611,WB,2,1611,Godrej Cinthol Cool Soap 75g*4,FMCGNF,KVI
FMCGNF,CG5045,CG,3,5045,Liril Lime All Day Freshness Soap | 125g | Pack of 1,FMCGNF,KVI
FMCGNF,WB8391,WB,2,8391,Clinic Plus Strong & Long Health Shampoo 355ml,FMCGNF,KVI
FMCGNF,CG8391,CG,3,8391,Clinic Plus Strong & Long Health Shampoo 355ml,FMCGNF,KVI
FMCGNF,CG96223,CG,3,96223,Godrej No. 1 Lime Aloe Vera Soap 150 g x 4 N,FMCGNF,KVI
FMCGNF,CG1578,CG,3,1578,Dove Daily Shine Shampoo 180ml,FMCGNF,KVI
FMCGNF,JH12422,JH,1,12422,Lifebuoy Germ Expert Soap | 125g | Pack of 4,FMCGNF,KVI
FMCGNF,WB14796,WB,2,14796,Tresemme Smooth & Shine Shampoo 580ml,FMCGNF,KVI
FMCGNF,CG4113,CG,3,4113,Godrej Kesar Milk Cream Soap 100g 5 Pcs,FMCGNF,KVI
FMCGNF,CG83737,CG,3,83737,Parachute Advansed Gold Coconut Hair Oil 280ml,FMCGNF,KVI
FMCGNF,CG82004,CG,3,82004,Ponds Super Light Gel Hydrated Glow 100ml,FMCGNF,KVI
FMCGNF,CG23648,CG,3,23648,Lux Creamy Perfection Soap 4Nx125g,FMCGNF,KVI
FMCGNF,CG33004,CG,3,33004,Ponds Dream Flower Fragant Talcum Powder 80g,FMCGNF,KVI
FMCGNF,WB4982,WB,2,4982,Nihar Naturals Hair Oil Methi Extract Jasmine | 400ml | Pack of 1,FMCGNF,KVI
FMCGNF,JH46920,JH,1,46920,Mortein Insta Mosquito Repellent Refill | 45ml | Pack of 3 (B2G1 Free),FMCGNF,KVI
FMCGNF,WB5185,WB,2,5185,Surf Excel Easy Wash 3 Kg,FMCGNF,KVI
FMCGNF,CG3810,CG,3,3810,Livon Silky Hair Serum 50ml,FMCGNF,KVI
FMCGNF,WB9271,WB,2,9271,Loreal Paris Excellence Creme Black Hair Color 100g+72ml,FMCGNF,KVI
FMCGNF,JH3555,JH,1,3555,Glow & Lovely Advance Multi Vitamin Face Cream 80g,FMCGNF,KVI
FMCGNF,JH3527,JH,1,3527,Glow & Lovely Advanced Multi Vitamin Cream 25g,FMCGNF,KVI
FMCGNF,WB11732,WB,2,11732,7up 2.25 Ltr,FMCGF,KVI
FMCGNF,JH11732,JH,1,11732,7up 2.25 Ltr,FMCGF,KVI
FMCGNF,CG11732,CG,3,11732,7up 2.25 Ltr,FMCGF,KVI
FMCGNF,CG69697,CG,3,69697,Agrawals 420 Instant Idli Mix 500g,FMCGF,KVI
FMCGNF,CG69698,CG,3,69698,Agrawals 420 Khaman Dhokla Instant Mix 500g,FMCGF,KVI
FMCGNF,CG73549,CG,3,73549,Agrawals 420 Special Papad 200g,FMCGF,KVI
FMCGNF,CG872,CG,3,872,Amul Chocominis 250g,FMCGF,KVI
FMCGNF,WB872,WB,2,872,Amul Chocominis 250g,FMCGF,KVI
FMCGNF,JH872,JH,1,872,Amul Chocominis 250g,FMCGF,KVI
FMCGNF,WB886,WB,2,886,Amul Homogenised Standardised Milk - 1Ltr,FMCGF,KVI
FMCGNF,JH918,JH,1,918,Amul Pasteurised Butter | 500g | Pack of 1,FMCGF,KVI
FMCGNF,WB917,WB,2,917,Amul Pasteurised Butter 100g,FMCGF,KVI
FMCGNF,JH917,JH,1,917,Amul Pasteurised Butter 100g,FMCGF,KVI
FMCGNF,CG917,CG,3,917,Amul Pasteurised Butter 100g,FMCGF,KVI
FMCGNF,WB919,WB,2,919,Amul Pasteurised Butter 200g Tub,FMCGF,KVI
FMCGNF,CG937,CG,3,937,Amul Taaza Toned Milk Tetra Pack - 1Ltr,FMCGF,KVI
FMCGNF,WB937,WB,2,937,Amul Taaza Toned Milk Tetra Pack - 1Ltr,FMCGF,KVI
FMCGNF,WB944,WB,2,944,Amulya Dairy Whitener 500g,FMCGF,KVI
FMCGNF,JH944,JH,1,944,Amulya Dairy Whitener 500g,FMCGF,KVI
FMCGNF,JH97240,JH,1,97240,Ayush Moong Mix 500g,FMCGF,KVI
FMCGNF,JH67088,JH,1,67088,Bagrrys Choco Fills+ 250g,FMCGF,KVI
FMCGNF,JH43502,JH,1,43502,Bagrrys Corn Flakes Plus Original & Healthier 800g,FMCGF,KVI
FMCGNF,WB43502,WB,2,43502,Bagrrys Corn Flakes Plus Original & Healthier 800g,FMCGF,KVI
FMCGNF,CG43502,CG,3,43502,Bagrrys Corn Flakes Plus Original & Healthier 800g,FMCGF,KVI
FMCGNF,WB43513,WB,2,43513,Bagrrys White Oats 1 Kg,FMCGF,KVI
FMCGNF,CG67199,CG,3,67199,Bagrrys White Oats 500g,FMCGF,KVI
FMCGNF,WB976,WB,2,976,Bikaji Namkeen All In One Kuch Kuch 400g,FMCGF,KVI
FMCGNF,WB977,WB,2,977,Bikaji Namkeen Bikaneri Bhujia 400g,FMCGF,KVI
FMCGNF,JH75585,JH,1,75585,Britannia 50 50 Maska Chaska Biscuits 300g,FMCGF,KVI
FMCGNF,CG97165,CG,3,97165,Britannia Good Day Butter Jeera Cookies 450g,FMCGF,KVI
FMCGNF,CG16921,CG,3,16921,Britannia Good Day Cashew Cookies | 565g | Pack of 1,FMCGF,KVI
FMCGNF,CG43506,CG,3,43506,Britannia Good Day Cashew Cookies Family Pack | 827g | Pack of 1,FMCGF,KVI
FMCGNF,JH43506,JH,1,43506,Britannia Good Day Cashew Cookies Family Pack | 827g | Pack of 1,FMCGF,KVI
FMCGNF,WB43506,WB,2,43506,Britannia Good Day Cashew Cookies Family Pack | 827g | Pack of 1,FMCGF,KVI
FMCGNF,JH16952,JH,1,16952,Britannia Marie Gold Biscuits 1Kg,FMCGF,KVI
FMCGNF,CG16952,CG,3,16952,Britannia Marie Gold Biscuits 1Kg,FMCGF,KVI
FMCGNF,WB16952,WB,2,16952,Britannia Marie Gold Biscuits 1Kg,FMCGF,KVI
FMCGNF,WB1061,WB,2,1061,Britannia Nutri Choice Digestive High Fiber Biscuits 960g,FMCGF,KVI
FMCGNF,JH1061,JH,1,1061,Britannia Nutri Choice Digestive High Fiber Biscuits 960g,FMCGF,KVI
FMCGNF,CG1061,CG,3,1061,Britannia Nutri Choice Digestive High Fiber Biscuits 960g,FMCGF,KVI
FMCGNF,CG103047,CG,3,103047,Britannia Toastea Premium Bake Rusk With Real Elaichi | 1 kg | Pack of 1,FMCGF,KVI
FMCGNF,CG32999,CG,3,32999,Brooke Bond Red Label Carton Pack 250g,FMCGF,KVI
FMCGNF,JH2477,JH,1,2477,Brooke Bond Red Label Tea 250g | Pack of 1,FMCGF,KVI
FMCGNF,WB2477,WB,2,2477,Brooke Bond Red Label Tea 250g | Pack of 1,FMCGF,KVI
FMCGNF,CG12635,CG,3,12635,Brooke Bond Red Label Tea 500g,FMCGF,KVI
FMCGNF,JH1132,JH,1,1132,Brooke Bond Taaza Tea 250g Pouch,FMCGF,KVI
FMCGNF,JH2831,JH,1,2831,Cadbury Bourn Vita 500g Pouch,FMCGF,KVI
FMCGNF,WB2831,WB,2,2831,Cadbury Bourn Vita 500g Pouch,FMCGF,KVI
FMCGNF,CG2831,CG,3,2831,Cadbury Bourn Vita 500g Pouch,FMCGF,KVI
FMCGNF,CG17044,CG,3,17044,Chefs Basket Durum Wheat Penne Pasta 500g,FMCGF,KVI
FMCGNF,JH92,JH,1,92,Chings Schezwan Chutney | 250g | Pack of 1,FMCGF,KVI
FMCGNF,CG92,CG,3,92,Chings Schezwan Chutney | 250g | Pack of 1,FMCGF,KVI
FMCGNF,WB92,WB,2,92,Chings Schezwan Chutney | 250g | Pack of 1,FMCGF,KVI
FMCGNF,JH96,JH,1,96,Chings Secret Green Chilli Sauce 190g,FMCGF,KVI
FMCGNF,JH1371,JH,1,1371,Complan Health Drink Chocolate Flavour 500g,FMCGF,KVI
FMCGNF,JH97022,JH,1,97022,Complan New Royal Chocolate Pouch 700GM,FMCGF,KVI
FMCGNF,WB97022,WB,2,97022,Complan New Royal Chocolate Pouch 700GM,FMCGF,KVI
FMCGNF,WB3053,WB,2,3053,Funfoods Mayonnaise Veg Pouch 800g,FMCGF,KVI
FMCGNF,CG84933,CG,3,84933,Ganga Jamuna Gold Salty Namkeen 500g,FMCGF,KVI
FMCGNF,JH2730,JH,1,2730,Glucon D Drink Mix Orange 450g,FMCGF,KVI
FMCGNF,WB2730,WB,2,2730,Glucon D Drink Mix Orange 450g,FMCGF,KVI
FMCGNF,WB2734,WB,2,2734,Glucon D Regular 500g,FMCGF,KVI
FMCGNF,CG8444,CG,3,8444,Glucon D Tangy Orange Jar 400g,FMCGF,KVI
FMCGNF,JH2732,JH,1,2732,Glucon-D Tangy Orange Instant Energy Health Drink 1 Kg,FMCGF,KVI
FMCGNF,CG2732,CG,3,2732,Glucon-D Tangy Orange Instant Energy Health Drink 1 Kg,FMCGF,KVI
FMCGNF,CG3160,CG,3,3160,Haldirams All In One 400g,FMCGF,KVI
FMCGNF,JH4631,JH,1,4631,Haldirams Aloo Bhujia 350g+50g Free,FMCGF,KVI
FMCGNF,CG4631,CG,3,4631,Haldirams Aloo Bhujia 350g+50g Free,FMCGF,KVI
FMCGNF,JH3163,JH,1,3163,Haldirams Bhujia Sev 400g,FMCGF,KVI
FMCGNF,CG3163,CG,3,3163,Haldirams Bhujia Sev 400g,FMCGF,KVI
FMCGNF,JH90157,JH,1,90157,Haldirams Indian Snacks Mixture 400g,FMCGF,KVI
FMCGNF,WB3153,WB,2,3153,Haldirams Mixchiv Prabhuji Jhal Chanachur 400g,FMCGF,KVI
FMCGNF,JH3172,JH,1,3172,Haldirams Moong Dal Namkeen 400g,FMCGF,KVI
FMCGNF,JH8327,JH,1,8327,Haldirams Namkeen Khatta Meetha 400g,FMCGF,KVI
FMCGNF,WB3154,WB,2,3154,Haldirams Prabhuji Bhujia 400g,FMCGF,KVI
FMCGNF,WB68115,WB,2,68115,Hell Classic Energy Drink 250ml Can,FMCGF,KVI
FMCGNF,JH3230,JH,1,3230,Horlicks Classic Malt Pouch | 450g | Pack of 1,FMCGF,KVI
FMCGNF,WB3230,WB,2,3230,Horlicks Classic Malt Pouch | 450g | Pack of 1,FMCGF,KVI
FMCGNF,JH30253,JH,1,30253,Horlicks Health & Nutrition Drink Classic Malt 750g,FMCGF,KVI
FMCGNF,WB30253,WB,2,30253,Horlicks Health & Nutrition Drink Classic Malt 750g,FMCGF,KVI
FMCGNF,CG73572,CG,3,73572,Jabalpur Lijjat Moong papad 200g,FMCGF,KVI
FMCGNF,CG72143,CG,3,72143,Jalaram Mahasamund Ganga Jamuna Gold Namkeen 1 Kg,FMCGF,KVI
FMCGNF,JH68872,JH,1,68872,Kellogg's Chocos Variety Pack | 7N | 140g | Pack of 1,FMCGF,KVI
FMCGNF,WB68872,WB,2,68872,Kellogg's Chocos Variety Pack | 7N | 140g | Pack of 1,FMCGF,KVI
FMCGNF,CG68872,CG,3,68872,Kellogg's Chocos Variety Pack | 7N | 140g | Pack of 1,FMCGF,KVI
FMCGNF,WB100665,WB,2,100665,Kellogg's Millet Muesli 500g,FMCGF,KVI
FMCGNF,CG100665,CG,3,100665,Kellogg's Millet Muesli 500g,FMCGF,KVI
FMCGNF,WB102267,WB,2,102267,Kellogg's Muesli 0% Added Sugar | 400g | Pack of 1,FMCGF,KVI
FMCGNF,CG102267,CG,3,102267,Kellogg's Muesli 0% Added Sugar | 400g | Pack of 1,FMCGF,KVI
FMCGNF,JH2777,JH,1,2777,Kellogg's Muesli Fruit & Nut | 500g | Pack of 1,FMCGF,KVI
FMCGNF,CG2777,CG,3,2777,Kellogg's Muesli Fruit & Nut | 500g | Pack of 1,FMCGF,KVI
FMCGNF,CG99564,CG,3,99564,Kellogg's Muesli Fruit Nut & Seeds | 72g | Pack of 1,FMCGF,KVI
FMCGNF,CG9901,CG,3,9901,Kelloggs Chocos 250g,FMCGF,KVI
FMCGNF,JH9902,JH,1,9902,Kelloggs Chocos 385g,FMCGF,KVI
FMCGNF,WB9942,WB,2,9942,Kelloggs Chocos Fills 153g,FMCGF,KVI
FMCGNF,JH2584,JH,1,2584,Kelloggs Corn Flakes Original 251 g Pouch,FMCGF,KVI
FMCGNF,WB2584,WB,2,2584,Kelloggs Corn Flakes Original 251 g Pouch,FMCGF,KVI
FMCGNF,CG2584,CG,3,2584,Kelloggs Corn Flakes Original 251 g Pouch,FMCGF,KVI
FMCGNF,JH10178,JH,1,10178,Kelloggs Corn Flakes Original 900g,FMCGF,KVI
FMCGNF,WB10178,WB,2,10178,Kelloggs Corn Flakes Original 900g,FMCGF,KVI
FMCGNF,CG10178,CG,3,10178,Kelloggs Corn Flakes Original 900g,FMCGF,KVI
FMCGNF,JH86683,JH,1,86683,Kissan Fresh Tomato Ketchup 1.1 Kg,FMCGF,KVI
FMCGNF,WB86683,WB,2,86683,Kissan Fresh Tomato Ketchup 1.1 Kg,FMCGF,KVI
FMCGNF,CG86683,CG,3,86683,Kissan Fresh Tomato Ketchup 1.1 Kg,FMCGF,KVI
FMCGNF,JH8277,JH,1,8277,Kissan Mixed Fruit Jam 200g,FMCGF,KVI
FMCGNF,CG8277,CG,3,8277,Kissan Mixed Fruit Jam 200g,FMCGF,KVI
FMCGNF,JH2909,JH,1,2909,Lijjat Punjabi Masala Papad 200g,FMCGF,KVI
FMCGNF,CG2794,CG,3,2794,Lotte Choco Pie 168g,FMCGF,KVI
FMCGNF,JH10331,JH,1,10331,Maggi 2 Minute Noodles Masala 420g,FMCGF,KVI
FMCGNF,CG10331,CG,3,10331,Maggi 2 Minute Noodles Masala 420g,FMCGF,KVI
FMCGNF,WB10331,WB,2,10331,Maggi 2 Minute Noodles Masala 420g,FMCGF,KVI
FMCGNF,WB74102,WB,2,74102,Maggi Masala Veg Atta Noodles 290g,FMCGF,KVI
FMCGNF,CG74102,CG,3,74102,Maggi Masala Veg Atta Noodles 290g,FMCGF,KVI
FMCGNF,JH74102,JH,1,74102,Maggi Masala Veg Atta Noodles 290g,FMCGF,KVI
FMCGNF,WB102071,WB,2,102071,Marino Premium Elaichi Rusk | 1kg | Pack of 1,FMCGF,KVI
FMCGNF,JH102071,JH,1,102071,Marino Premium Elaichi Rusk | 1kg | Pack of 1,FMCGF,KVI
FMCGNF,WB96516,WB,2,96516,Meri Elaichi Tea | 500g | Pouch | Pack of 1,FMCGF,KVI
FMCGNF,JH4686,JH,1,4686,Mirinda Pet 2.25 Ltr,FMCGF,KVI
FMCGNF,WB4686,WB,2,4686,Mirinda Pet 2.25 Ltr,FMCGF,KVI
FMCGNF,CG4686,CG,3,4686,Mirinda Pet 2.25 Ltr,FMCGF,KVI
FMCGNF,JH77960,JH,1,77960,Mothers Recipe Mixed Pickle 1 Kg,FMCGF,KVI
FMCGNF,JH10368,JH,1,10368,Mountain Dew 2.25 Ltr,FMCGF,KVI
FMCGNF,WB10368,WB,2,10368,Mountain Dew 2.25 Ltr,FMCGF,KVI
FMCGNF,WB95799,WB,2,95799,Mukharochak Sweet & Sour Chanachur | 400g | Pack of 1,FMCGF,KVI
FMCGNF,JH100441,JH,1,100441,Nakoda All In One Mixture 900g,FMCGF,KVI
FMCGNF,WB100441,WB,2,100441,Nakoda All In One Mixture 900g,FMCGF,KVI
FMCGNF,CG100446,CG,3,100446,Nakoda Chatpata Mixture 750g,FMCGF,KVI
FMCGNF,CG103866,CG,3,103866,Nakoda Garlic Mixture | 750g | Pack of 1,FMCGF,KVI
FMCGNF,WB3081,WB,2,3081,Nescafe Classic Coffee 24g Jar,FMCGF,KVI
FMCGNF,CG3081,CG,3,3081,Nescafe Classic Coffee 24g Jar,FMCGF,KVI
FMCGNF,WB95652,WB,2,95652,Panda Treats Hakka Masala Noodles 400 g,FMCGF,KVI
FMCGNF,WB95653,WB,2,95653,Panda Treats Hakka Plain Noodles 1.2 kg,FMCGF,KVI
FMCGNF,JH95653,JH,1,95653,Panda Treats Hakka Plain Noodles 1.2 kg,FMCGF,KVI
FMCGNF,CG95653,CG,3,95653,Panda Treats Hakka Plain Noodles 1.2 kg,FMCGF,KVI
FMCGNF,WB97011,WB,2,97011,Panda Treats Rava/Sooji Hakka Chow Noodles 400g,FMCGF,KVI
FMCGNF,CG32987,CG,3,32987,Parle 20 20 Gold Cashew Almond Cookies 600g,FMCGF,KVI
FMCGNF,JH77827,JH,1,77827,Parle 20 20 Nice Sugar Sprinkled Coconut Biscuits 500g,FMCGF,KVI
FMCGNF,CG77827,CG,3,77827,Parle 20 20 Nice Sugar Sprinkled Coconut Biscuits 500g,FMCGF,KVI
FMCGNF,JH77179,JH,1,77179,Parle 20-20 Gold Cashew Cookies | 936 g | Pack of 1,FMCGF,KVI
FMCGNF,WB77179,WB,2,77179,Parle 20-20 Gold Cashew Cookies | 936 g | Pack of 1,FMCGF,KVI
FMCGNF,CG77179,CG,3,77179,Parle 20-20 Gold Cashew Cookies | 936 g | Pack of 1,FMCGF,KVI
FMCGNF,JH94188,JH,1,94188,Parle 20-20 Gold Choco Chips Cookies 400 g,FMCGF,KVI
FMCGNF,JH76411,JH,1,76411,Parle Fab Bourbon Chocolate flavoured Biscuits 450g,FMCGF,KVI
FMCGNF,WB76411,WB,2,76411,Parle Fab Bourbon Chocolate flavoured Biscuits 450g,FMCGF,KVI
FMCGNF,CG76411,CG,3,76411,Parle Fab Bourbon Chocolate flavoured Biscuits 450g,FMCGF,KVI
FMCGNF,CG66348,CG,3,66348,Parle G Original Glucose Biscuit 800g,FMCGF,KVI
FMCGNF,JH66348,JH,1,66348,Parle G Original Glucose Biscuit 800g,FMCGF,KVI
FMCGNF,WB66348,WB,2,66348,Parle G Original Glucose Biscuit 800g,FMCGF,KVI
FMCGNF,JH32985,JH,1,32985,Parle Happy Happy Choco Chip Cookies 396g,FMCGF,KVI
FMCGNF,WB32985,WB,2,32985,Parle Happy Happy Choco Chip Cookies 396g,FMCGF,KVI
FMCGNF,JH78546,JH,1,78546,Parle Hide & Seek B3 G1 Free 400g,FMCGF,KVI
FMCGNF,CG78546,CG,3,78546,Parle Hide & Seek B3 G1 Free 400g,FMCGF,KVI
FMCGNF,WB78546,WB,2,78546,Parle Hide & Seek B3 G1 Free 400g,FMCGF,KVI
FMCGNF,JH75582,JH,1,75582,Parle Hide & Seek Biscuits Chocolate Chip Cookies 412.5g,FMCGF,KVI
FMCGNF,WB75582,WB,2,75582,Parle Hide & Seek Biscuits Chocolate Chip Cookies 412.5g,FMCGF,KVI
FMCGNF,WB71614,WB,2,71614,Parle Hide & Seek Choco Chip Creme Sandwiches Cookies 400g,FMCGF,KVI
FMCGNF,CG16607,CG,3,16607,Parle Krackjack Sweet & Salty Biscuits 352.8g,FMCGF,KVI
FMCGNF,JH16607,JH,1,16607,Parle Krackjack Sweet & Salty Biscuits 352.8g,FMCGF,KVI
FMCGNF,WB16607,WB,2,16607,Parle Krackjack Sweet & Salty Biscuits 352.8g,FMCGF,KVI
FMCGNF,JH43504,JH,1,43504,Parle Marie 4 Stay Fresh Packs Inside 800g,FMCGF,KVI
FMCGNF,WB43504,WB,2,43504,Parle Marie 4 Stay Fresh Packs Inside 800g,FMCGF,KVI
FMCGNF,CG43504,CG,3,43504,Parle Marie 4 Stay Fresh Packs Inside 800g,FMCGF,KVI
FMCGNF,CG68867,CG,3,68867,Parle Monaco Biscuits Classic Regular 371.2g,FMCGF,KVI
FMCGNF,JH68867,JH,1,68867,Parle Monaco Biscuits Classic Regular 371.2g,FMCGF,KVI
FMCGNF,WB68867,WB,2,68867,Parle Monaco Biscuits Classic Regular 371.2g,FMCGF,KVI
FMCGNF,WB43505,WB,2,43505,Parle Nutricrunch Digestives 1 Kg,FMCGF,KVI
FMCGNF,JH43505,JH,1,43505,Parle Nutricrunch Digestives 1 Kg,FMCGF,KVI
FMCGNF,CG43505,CG,3,43505,Parle Nutricrunch Digestives 1 Kg,FMCGF,KVI
FMCGNF,JH77297,JH,1,77297,Parle Rusk Real Elaichi Premium Rusk 1 Kg,FMCGF,KVI
FMCGNF,WB77297,WB,2,77297,Parle Rusk Real Elaichi Premium Rusk 1 Kg,FMCGF,KVI
FMCGNF,CG77297,CG,3,77297,Parle Rusk Real Elaichi Premium Rusk 1 Kg,FMCGF,KVI
FMCGNF,WB4690,WB,2,4690,Pepsi Pet Bottle 2.25 Ltr,FMCGF,KVI
FMCGNF,JH4690,JH,1,4690,Pepsi Pet Bottle 2.25 Ltr,FMCGF,KVI
FMCGNF,CG4690,CG,3,4690,Pepsi Pet Bottle 2.25 Ltr,FMCGF,KVI
FMCGNF,WB15993,WB,2,15993,Prabhuji Aloo Bhujiya Total Masti 400g,FMCGF,KVI
FMCGNF,WB4670,WB,2,4670,Prabhuji Elaichi Soan Papdi 400 g,FMCGF,KVI
FMCGNF,WB3169,WB,2,3169,Prabhuji Haldirams Khatta Meetha 400g,FMCGF,KVI
FMCGNF,WB15806,WB,2,15806,Prabhuji Haldirams Tok Jhal Misti 400g,FMCGF,KVI
FMCGNF,JH46951,JH,1,46951,Pramod Brand Bihari Zaika 400g,FMCGF,KVI
FMCGNF,JH13146,JH,1,13146,Pramod Jhal Mix Spicy & Tasty 400g,FMCGF,KVI
FMCGNF,JH2598,JH,1,2598,Quaker Wholegrain Oats 400g,FMCGF,KVI
FMCGNF,WB2598,WB,2,2598,Quaker Wholegrain Oats 400g,FMCGF,KVI
FMCGNF,CG2598,CG,3,2598,Quaker Wholegrain Oats 400g,FMCGF,KVI
FMCGNF,JH4934,JH,1,4934,Real Fruit Juice Pomegranate 1 Ltr,FMCGF,KVI
FMCGNF,JH68913,JH,1,68913,Real Masala Pomegranate Juice | 1 Ltr | Pack of 1,FMCGF,KVI
FMCGNF,WB68913,WB,2,68913,Real Masala Pomegranate Juice | 1 Ltr | Pack of 1,FMCGF,KVI
FMCGNF,JH4939,JH,1,4939,Real Mixed Fruit Power 1 Ltr,FMCGF,KVI
FMCGNF,WB4939,WB,2,4939,Real Mixed Fruit Power 1 Ltr,FMCGF,KVI
FMCGNF,JH11519,JH,1,11519,Red Bull Energy Drink 250ml,FMCGF,KVI
FMCGNF,CG11326,CG,3,11326,Red Label Natural Care | 250g | Pack of 1,FMCGF,KVI
FMCGNF,JH68010,JH,1,68010,Royal Chow Noodles | 500g | Pack of 1,FMCGF,KVI
FMCGNF,JH2599,JH,1,2599,Saffola Masala Oats Classic 500g,FMCGF,KVI
FMCGNF,CG2599,CG,3,2599,Saffola Masala Oats Classic 500g,FMCGF,KVI
FMCGNF,WB2599,WB,2,2599,Saffola Masala Oats Classic 500g,FMCGF,KVI
FMCGNF,JH2604,JH,1,2604,Saffola Oats Delicious Creamy Oats 100% Natural High Protein & Fibre Healthy Cereal 500g,FMCGF,KVI
FMCGNF,JH2601,JH,1,2601,Saffola Oats Natural 1 Kg + Saffola Oats 300g Free,FMCGF,KVI
FMCGNF,WB2601,WB,2,2601,Saffola Oats Natural 1 Kg + Saffola Oats 300g Free,FMCGF,KVI
FMCGNF,CG2601,CG,3,2601,Saffola Oats Natural 1 Kg + Saffola Oats 300g Free,FMCGF,KVI
FMCGNF,WB96418,WB,2,96418,Shree Ram Bikaneri Bhujia | 1 Kg | Pack of 1,FMCGF,KVI
FMCGNF,CG96418,CG,3,96418,Shree Ram Bikaneri Bhujia | 1 Kg | Pack of 1,FMCGF,KVI
FMCGNF,WB2921,WB,2,2921,Shree Ram Bikaneri Moong Dal Namkeen 200g,FMCGF,KVI
FMCGNF,WB4663,WB,2,4663,Shree Ram Bikaneri Sev Bhujia 400g,FMCGF,KVI
FMCGNF,WB3198,WB,2,3198,Shree Ram Mixture 400g,FMCGF,KVI
FMCGNF,WB3200,WB,2,3200,Shree Ram Navrattan 400g,FMCGF,KVI
FMCGNF,JH27238,JH,1,27238,Shree Ram Papad 200g,FMCGF,KVI
FMCGNF,WB27238,WB,2,27238,Shree Ram Papad 200g,FMCGF,KVI
FMCGNF,CG27238,CG,3,27238,Shree Ram Papad 200g,FMCGF,KVI
FMCGNF,JH3202,JH,1,3202,Shree Ram Papad 360g,FMCGF,KVI
FMCGNF,WB3202,WB,2,3202,Shree Ram Papad 360g,FMCGF,KVI
FMCGNF,WB69206,WB,2,69206,Slice Thickest Mango Drink 1.75 Ltr,FMCGF,KVI
FMCGNF,CG69206,CG,3,69206,Slice Thickest Mango Drink 1.75 Ltr,FMCGF,KVI
FMCGNF,JH79079,JH,1,79079,Storia 100% Tender Coconut Water | 1 Ltr | Pack of 1,FMCGF,KVI
FMCGNF,WB79079,WB,2,79079,Storia 100% Tender Coconut Water | 1 Ltr | Pack of 1,FMCGF,KVI
FMCGNF,CG97160,CG,3,97160,Sunder Garlic Mixture | 700g | Pack of 1,FMCGF,KVI
FMCGNF,CG100491,CG,3,100491,Sunder Suji Rusk 1Kg,FMCGF,KVI
FMCGNF,CG94353,CG,3,94353,Sunder Surati Mixture 700 g,FMCGF,KVI
FMCGNF,WB3069,WB,2,3069,Sundrop Peanut Butter Regular Creamy Jar 924g,FMCGF,KVI
FMCGNF,WB95907,WB,2,95907,Sundrop Peanut Butter With Honey Crunchy 300g,FMCGF,KVI
FMCGNF,JH28755,JH,1,28755,Sunfeast Dark Fantasy Yumfills Pie 242g,FMCGF,KVI
FMCGNF,WB28755,WB,2,28755,Sunfeast Dark Fantasy Yumfills Pie 242g,FMCGF,KVI
FMCGNF,CG28755,CG,3,28755,Sunfeast Dark Fantasy Yumfills Pie 242g,FMCGF,KVI
FMCGNF,JH34756,JH,1,34756,Sunfeast Yippee Magic Masala | 544g-560g | Pack of 1,FMCGF,KVI
FMCGNF,WB34756,WB,2,34756,Sunfeast Yippee Magic Masala | 544g-560g | Pack of 1,FMCGF,KVI
FMCGNF,CG34756,CG,3,34756,Sunfeast Yippee Magic Masala | 544g-560g | Pack of 1,FMCGF,KVI
FMCGNF,WB12833,WB,2,12833,Tata Tea Agni 1Kg,FMCGF,KVI
FMCGNF,JH12833,JH,1,12833,Tata Tea Agni 1Kg,FMCGF,KVI
FMCGNF,CG12833,CG,3,12833,Tata Tea Agni 1Kg,FMCGF,KVI
FMCGNF,WB2491,WB,2,2491,Tata Tea Agni 250g,FMCGF,KVI
FMCGNF,CG2492,CG,3,2492,Tata Tea Agni 500g,FMCGF,KVI
FMCGNF,WB2492,WB,2,2492,Tata Tea Agni 500g,FMCGF,KVI
FMCGNF,JH2492,JH,1,2492,Tata Tea Agni 500g,FMCGF,KVI
FMCGNF,JH2499,JH,1,2499,Tata Tea Agni Leaf 250g,FMCGF,KVI
FMCGNF,JH2494,JH,1,2494,Tata Tea Elaichi Chai 250g,FMCGF,KVI
FMCGNF,CG2494,CG,3,2494,Tata Tea Elaichi Chai 250g,FMCGF,KVI
FMCGNF,WB2494,WB,2,2494,Tata Tea Elaichi Chai 250g,FMCGF,KVI
FMCGNF,JH2495,JH,1,2495,Tata Tea Gold 250g,FMCGF,KVI
FMCGNF,WB2495,WB,2,2495,Tata Tea Gold 250g,FMCGF,KVI
FMCGNF,JH2496,JH,1,2496,Tata Tea Gold 500g,FMCGF,KVI
FMCGNF,WB2496,WB,2,2496,Tata Tea Gold 500g,FMCGF,KVI
FMCGNF,CG2496,CG,3,2496,Tata Tea Gold 500g,FMCGF,KVI
FMCGNF,JH2501,JH,1,2501,Tata Tea Premium Tea 500g Pouch,FMCGF,KVI
FMCGNF,JH76403,JH,1,76403,Unibic Cashew Badam Cookies 450g,FMCGF,KVI
FMCGNF,CG76403,CG,3,76403,Unibic Cashew Badam Cookies 450g,FMCGF,KVI
FMCGNF,WB11986,WB,2,11986,Unibic Choco Chip Cookies | 135g | Pack of 1,FMCGF,KVI
FMCGNF,JH71616,JH,1,71616,Unibic Delight Choco Chip Cookies | 450g | Pack of 1,FMCGF,KVI
FMCGNF,CG71616,CG,3,71616,Unibic Delight Choco Chip Cookies | 450g | Pack of 1,FMCGF,KVI
FMCGNF,JH71617,JH,1,71617,Unibic Delight Fruit & Nut Cookies | 450g | Pack of 1,FMCGF,KVI
FMCGNF,CG71617,CG,3,71617,Unibic Delight Fruit & Nut Cookies | 450g | Pack of 1,FMCGF,KVI
FMCGNF,WB11987,WB,2,11987,Unibic Fruit and Nut Cookies | 135g | Pack of 1,FMCGF,KVI
FMCGNF,CG67654,CG,3,67654,Wagh Bakri Premium Leaf Tea 250g,FMCGF,KVI
FMCGNF,WB95487,WB,2,95487,Wai Wai Ready To Eat Chicken Noodles Pack 6In1 | 390 g | Pack of 1,FMCGF,KVI
FMCGNF,JH95486,JH,1,95486,Wai Wai Ready To Eat Veg Noodles Pack 6IN1 | 390 g| Pack of 1,FMCGF,KVI
FMCGNF,WB95486,WB,2,95486,Wai Wai Ready To Eat Veg Noodles Pack 6IN1 | 390 g| Pack of 1,FMCGF,KVI
FMCGNF,CG95486,CG,3,95486,Wai Wai Ready To Eat Veg Noodles Pack 6IN1 | 390 g| Pack of 1,FMCGF,KVI
FMCGNF,WB97074,WB,2,97074,सनफीस्ट ग्लूकोज़ प्लस बिस्किट | 1 किग्रा | 1 पैक,FMCGF,KVI
